config,crow,scen,n,death,dmg,eff,wounds,turns_mean,turns_med,minutes,dt,torch_expire_p
RAW,start,ape,10000,0.0008,4.3536,0.2286,0.0267,3.2726,3.0,5.0,0.168,0.066
A+K0,start,ape,10000,0.0012,5.2305,0.3065,0.0387,2.4524,2.0,3.8,0.126,0.05
A+K2,start,ape,10000,0.0012,5.2305,0.3065,0.0387,2.4524,2.0,3.8,0.126,0.05
A+K2+K5,start,ape,10000,0.0002,4.7498,0.141,0.0101,2.4541,2.0,3.8,0.126,0.05
A+K3+K5,start,ape,10000,0.0002,4.7498,0.141,0.0101,2.4541,2.0,3.8,0.126,0.05
A+K2+K1,start,ape,10000,0.0017,6.1655,0.3871,0.0518,2.4524,2.0,3.8,0.126,0.05
B,start,ape,10000,0.0,6.6552,0,0,2,2.0,3.1,0.103,0.041
RAW,start,bear,10000,0.135,16.1316,5.9156,2.4457,6.0848,6.0,9.4,0.312,0.119
A+K0,start,bear,10000,0.2392,20.3728,8.8032,3.8817,4.4439,5.0,6.8,0.228,0.088
A+K2,start,bear,10000,0.2392,20.3728,8.8032,3.8817,4.4439,5.0,6.8,0.228,0.088
A+K2+K5,start,bear,10000,0.1716,19.4183,7.9526,3.2112,4.4906,4.0,6.9,0.23,0.089
A+K3+K5,start,bear,10000,0.1716,19.4183,7.9526,3.2112,4.4906,4.0,6.9,0.23,0.089
A+K2+K1,start,bear,10000,0.2705,22.158,10.3467,4.9647,4.4417,4.0,6.8,0.228,0.088
B,start,bear,10000,0.0,21.2376,7.2376,0.8997,3.6201,4.0,5.6,0.186,0.073
RAW,start,wolves1d6,10000,0.5291,23.8874,12.3845,6.3584,11.3209,13.0,17.4,0.581,0.21
A+K0,start,wolves1d6,10000,0.3444,21.9574,10.1985,4.7207,8.5847,10.0,13.2,0.44,0.163
A+K2,start,wolves1d6,10000,0.4531,23.5512,11.7892,5.9469,7.0812,7.0,10.9,0.363,0.137
A+K2+K5,start,wolves1d6,10000,0.4191,22.1667,10.56,5.0291,7.3418,8.0,11.3,0.377,0.142
A+K3+K5,start,wolves1d6,10000,0.5285,24.6228,12.7891,6.6502,5.979,6.0,9.2,0.307,0.117
A+K2+K1,start,wolves1d6,10000,0.5155,26.4448,14.2518,7.9391,6.6079,7.0,10.2,0.339,0.128
B,start,wolves1d6,10000,0.1999,21.4735,8.9729,3.6552,6.78,6.0,10.4,0.348,0.131
RAW,start,undeadA1d6,10000,0.3334,20.5186,9.523,4.5507,14.5548,16.0,22.4,0.746,0.261
A+K0,start,undeadA1d6,10000,0.2299,19.4792,8.3662,3.6405,9.0776,10.0,14.0,0.466,0.172
A+K2,start,undeadA1d6,10000,0.3355,21.3406,10.0858,4.8803,8.0048,9.0,12.3,0.411,0.153
A+K2+K5,start,undeadA1d6,10000,0.2816,19.7403,8.712,3.9471,8.3788,9.0,12.9,0.43,0.16
A+K3+K5,start,undeadA1d6,10000,0.4191,22.3763,10.9732,5.4166,7.211,8.0,11.1,0.37,0.139
A+K2+K1,start,undeadA1d6,10000,0.4486,23.4261,11.6805,5.8758,7.0703,7.0,10.9,0.363,0.137
B,start,undeadA1d6,10000,0.0054,16.2554,4.6992,1.008,6.9624,6.0,10.7,0.357,0.135
RAW,start,undeadC,10000,0.3939,23.6558,11.5504,5.7726,8.7864,8.0,13.5,0.451,0.167
A+K0,start,undeadC,10000,0.6158,29.1514,16.0738,8.6127,5.7307,6.0,8.8,0.294,0.112
A+K2,start,undeadC,10000,0.6158,29.1514,16.0738,8.6127,5.7307,6.0,8.8,0.294,0.112
A+K2+K5,start,undeadC,10000,0.5974,28.3795,15.329,7.8952,5.8439,6.0,9.0,0.3,0.114
A+K3+K5,start,undeadC,10000,0.5974,28.3795,15.329,7.8952,5.8439,6.0,9.0,0.3,0.114
A+K2+K1,start,undeadC,10000,0.6684,30.0558,16.7401,9.0588,5.5559,6.0,8.5,0.285,0.109
B,start,undeadC,10000,0.0009,22.8404,8.8404,1.2416,5.2738,5.0,8.1,0.27,0.104
RAW,start,bearcave,10000,0.5423,30.0734,16.7848,9.4628,8.1788,8.0,12.6,0.419,0.156
A+K0,start,bearcave,10000,0.5972,32.5072,18.877,10.7383,5.8637,6.0,9.0,0.301,0.115
A+K2,start,bearcave,10000,0.5972,32.5072,18.877,10.7383,5.8637,6.0,9.0,0.301,0.115
A+K2+K5,start,bearcave,10000,0.5953,30.9851,17.3642,9.2942,5.8944,6.0,9.1,0.302,0.115
A+K3+K5,start,bearcave,10000,0.5953,30.9851,17.3642,9.2942,5.8944,6.0,9.1,0.302,0.115
A+K2+K1,start,bearcave,10000,0.7373,31.4493,17.8273,9.5706,5.3539,5.0,8.2,0.275,0.105
B,start,bearcave,10000,0.9696,36.7798,22.7798,13.7798,4.9696,5.0,7.6,0.255,0.098
RAW,start,S1_chapel,10000,0.721,32.0121,18.0938,9.6606,13.5072,13.0,20.8,0.693,0.245
A+K0,start,S1_chapel,10000,0.7261,32.5707,18.6499,10.1698,9.0775,9.0,14.0,0.466,0.172
A+K2,start,S1_chapel,10000,0.792,33.3614,19.4302,10.8119,8.0473,8.0,12.4,0.413,0.154
A+K2+K5,start,S1_chapel,10000,0.7631,32.8172,18.8989,10.3427,8.4689,8.0,13.0,0.434,0.161
A+K3+K5,start,S1_chapel,10000,0.874,33.7921,19.8137,10.978,7.0399,7.0,10.8,0.361,0.136
A+K2+K1,start,S1_chapel,10000,0.8676,34.5008,20.5422,11.7757,7.3795,7.0,11.4,0.378,0.142
B,start,S1_chapel,10000,0.6477,33.3107,19.3107,10.3107,7.5204,8.0,11.6,0.386,0.145
RAW,start,S5_swarm2d6,10000,0.8177,31.7892,18.0574,9.7545,20.8837,21.0,32.1,1.071,0.352
A+K0,start,S5_swarm2d6,10000,0.7044,30.8152,17.071,8.9575,13.8447,14.0,21.3,0.71,0.25
A+K2,start,S5_swarm2d6,10000,0.7992,32.8234,19.0486,10.7443,9.9914,10.0,15.4,0.512,0.188
A+K2+K5,start,S5_swarm2d6,10000,0.7637,31.4763,17.7778,9.6051,10.6792,11.0,16.4,0.548,0.199
A+K3+K5,start,S5_swarm2d6,10000,0.8597,33.1844,19.336,10.8161,7.5124,7.0,11.6,0.385,0.145
A+K2+K1,start,S5_swarm2d6,10000,0.8719,34.5627,20.6916,12.1199,8.1617,8.0,12.6,0.419,0.156
B,start,S5_swarm2d6,10000,0.482,28.6674,14.8356,7.0273,12.2822,13.0,18.9,0.63,0.225
RAW,t5000,ape,10000,0.0,1.9574,0,0,1.9397,2.0,3.0,0.099,0.04
A+K0,t5000,ape,10000,0.0,1.1626,0,0,1.2944,1.0,2.0,0.066,0.027
A+K2,t5000,ape,10000,0.0,1.1626,0,0,1.2944,1.0,2.0,0.066,0.027
A+K2+K5,t5000,ape,10000,0.0,1.124,0,0,1.2944,1.0,2.0,0.066,0.027
A+K3+K5,t5000,ape,10000,0.0,1.124,0,0,1.2944,1.0,2.0,0.066,0.027
A+K2+K1,t5000,ape,10000,0.0,1.4858,0,0,1.2944,1.0,2.0,0.066,0.027
B,t5000,ape,10000,0.0,4.4522,0,0,1.4088,1.0,2.2,0.072,0.029
RAW,t5000,bear,10000,0.0001,7.4326,0.0784,0.002,3.9263,4.0,6.0,0.201,0.078
A+K0,t5000,bear,10000,0.0,4.3226,0.0023,0,2.4848,2.0,3.8,0.127,0.05
A+K2,t5000,bear,10000,0.0,4.3226,0.0023,0,2.4848,2.0,3.8,0.127,0.05
A+K2+K5,t5000,bear,10000,0.0,4.2457,0.0003,0,2.4848,2.0,3.8,0.127,0.05
A+K3+K5,t5000,bear,10000,0.0,4.2457,0.0003,0,2.4848,2.0,3.8,0.127,0.05
A+K2+K1,t5000,bear,10000,0.0,4.9497,0.0063,0,2.4848,2.0,3.8,0.127,0.05
B,t5000,bear,10000,0.0,14.5786,0,0,2.6593,3.0,4.1,0.136,0.054
RAW,t5000,wolves1d6,10000,0.1509,22.909,7.4923,2.0657,11.7499,11.0,18.1,0.603,0.217
A+K0,t5000,wolves1d6,10000,0.001,7.926,0.517,0.0306,5.2372,4.0,8.1,0.269,0.103
A+K2,t5000,wolves1d6,10000,0.009,9.0474,1.1048,0.16,5.2324,4.0,8.0,0.268,0.103
A+K2+K5,t5000,wolves1d6,10000,0.0043,8.3652,0.8052,0.0951,5.2307,4.0,8.0,0.268,0.103
A+K3+K5,t5000,wolves1d6,10000,0.0319,12.2475,2.627,0.5754,5.1819,5.0,8.0,0.266,0.102
A+K2+K1,t5000,wolves1d6,10000,0.0243,10.9452,1.8585,0.3354,5.1591,4.0,7.9,0.265,0.102
B,t5000,wolves1d6,10000,0.0,15.2967,0.4679,0,4.9653,5.0,7.6,0.255,0.098
RAW,t5000,undeadA1d6,10000,0.0205,15.4952,2.6468,0.3496,12.1872,11.0,18.7,0.625,0.224
A+K0,t5000,undeadA1d6,10000,0.0002,6.1912,0.234,0.0086,5.2384,4.0,8.1,0.269,0.103
A+K2,t5000,undeadA1d6,10000,0.0032,6.9778,0.5743,0.0606,5.2246,4.0,8.0,0.268,0.103
A+K2+K5,t5000,undeadA1d6,10000,0.0007,6.2836,0.3355,0.0198,5.2193,4.0,8.0,0.268,0.103
A+K3+K5,t5000,undeadA1d6,10000,0.0072,8.9153,1.1144,0.1422,5.2387,4.0,8.1,0.269,0.103
A+K2+K1,t5000,undeadA1d6,10000,0.0104,9.0181,1.2135,0.1977,5.1977,4.0,8.0,0.267,0.102
B,t5000,undeadA1d6,10000,0.0,10.776,0.0142,0,4.9761,5.0,7.7,0.255,0.098
RAW,t5000,undeadC,10000,0.0052,11.6666,1.6055,0.0926,5.7553,6.0,8.9,0.295,0.113
A+K0,t5000,undeadC,10000,0.0024,6.8684,1.2168,0.0456,3.7558,4.0,5.8,0.193,0.075
A+K2,t5000,undeadC,10000,0.0024,6.8684,1.2168,0.0456,3.7558,4.0,5.8,0.193,0.075
A+K2+K5,t5000,undeadC,10000,0.0015,6.646,1.1716,0.0312,3.756,4.0,5.8,0.193,0.075
A+K3+K5,t5000,undeadC,10000,0.0015,6.646,1.1716,0.0312,3.756,4.0,5.8,0.193,0.075
A+K2+K1,t5000,undeadC,10000,0.0036,7.8913,1.2791,0.0639,3.7549,4.0,5.8,0.193,0.075
B,t5000,undeadC,10000,0.0,15.9516,0.0012,0,3.8291,4.0,5.9,0.196,0.077
RAW,t5000,bearcave,10000,0.0072,16.3252,1.3656,0.1386,5.9411,6.0,9.1,0.305,0.116
A+K0,t5000,bearcave,10000,0.0018,9.0858,0.4795,0.0424,3.72,4.0,5.7,0.191,0.074
A+K2,t5000,bearcave,10000,0.0018,9.0858,0.4795,0.0424,3.72,4.0,5.7,0.191,0.074
A+K2+K5,t5000,bearcave,10000,0.001,8.8784,0.4022,0.0301,3.7219,4.0,5.7,0.191,0.074
A+K3+K5,t5000,bearcave,10000,0.001,8.8784,0.4022,0.0301,3.7219,4.0,5.7,0.191,0.074
A+K2+K1,t5000,bearcave,10000,0.0018,10.0834,0.6787,0.0706,3.7196,4.0,5.7,0.191,0.074
B,t5000,bearcave,10000,0.0,27.8546,3.4588,0,3.8272,4.0,5.9,0.196,0.076
RAW,t5000,S1_chapel,10000,0.0231,20.9672,2.9914,0.4205,10.3726,10.0,16.0,0.532,0.194
A+K0,t5000,S1_chapel,10000,0.0074,12.9798,1.4292,0.1563,5.6093,5.0,8.6,0.288,0.11
A+K2,t5000,S1_chapel,10000,0.0097,13.3214,1.6109,0.2021,5.594,5.0,8.6,0.287,0.11
A+K2+K5,t5000,S1_chapel,10000,0.0062,12.7197,1.2687,0.1265,5.5937,5.0,8.6,0.287,0.11
A+K3+K5,t5000,S1_chapel,10000,0.0179,15.1207,2.2443,0.3051,5.5811,5.0,8.6,0.286,0.11
A+K2+K1,t5000,S1_chapel,10000,0.0175,15.1192,2.3211,0.337,5.5786,5.0,8.6,0.286,0.11
B,t5000,S1_chapel,10000,0.0,23.2811,0.9381,0,5.4901,5.0,8.4,0.282,0.108
RAW,t5000,S5_swarm2d6,10000,0.4673,38.7032,16.5198,5.3344,26.5467,29.0,40.8,1.361,0.424
A+K0,t5000,S5_swarm2d6,10000,0.0278,19.0392,3.52,0.4842,12.0892,12.0,18.6,0.62,0.222
A+K2,t5000,S5_swarm2d6,10000,0.1181,22.9374,6.5134,1.6268,11.5091,12.0,17.7,0.59,0.213
A+K2+K5,t5000,S5_swarm2d6,10000,0.081,20.9756,5.2441,1.1948,11.6599,12.0,17.9,0.598,0.215
A+K3+K5,t5000,S5_swarm2d6,10000,0.2401,28.946,10.5889,3.2591,10.5602,11.0,16.2,0.542,0.197
A+K2+K1,t5000,S5_swarm2d6,10000,0.2119,27.9495,9.8467,2.9862,10.8975,11.0,16.8,0.559,0.203
B,t5000,S5_swarm2d6,10000,0.0001,21.447,1.935,0.0196,9.9005,10.0,15.2,0.508,0.186
