variant,scen,crow,n,death,dmg,eff,wounds,rounds,turns_mean,turns_med
RAW,ape,start,10000,0.0008,4.3536,0.2286,0.0267,1.7743,3.2726,3.0
A0,ape,start,10000,0.0017,5.1515,0.288,0.0417,2.4303,2.4303,2.0
A1,ape,start,10000,0.0024,6.1,0.3617,0.0556,2.4303,2.4303,2.0
A2,ape,start,10000,0.0017,5.1515,0.288,0.0417,2.4303,2.4303,2.0
A12,ape,start,10000,0.0024,6.1,0.3617,0.0556,2.4303,2.4303,2.0
B,ape,start,10000,0.0,6.669,0,0,2,2,2.0
RAW,bear,start,10000,0.135,16.1316,5.9156,2.4457,3.2035,6.0848,6.0
A0,bear,start,10000,0.2379,20.248,8.6846,3.8165,4.4152,4.4152,4.0
A1,bear,start,10000,0.2663,22.0383,10.2303,4.8911,4.4133,4.4133,4.0
A2,bear,start,10000,0.2379,20.248,8.6846,3.8165,4.4152,4.4152,4.0
A12,bear,start,10000,0.2663,22.0383,10.2303,4.8911,4.4133,4.4133,4.0
B,bear,start,10000,0.0,21.2842,7.2842,0.9125,3.627,3.627,4.0
RAW,wolves1d6,start,10000,0.5291,23.8874,12.3845,6.3584,3.185,11.3209,13.0
A0,wolves1d6,start,10000,0.3385,21.8074,10.0893,4.6518,8.5102,8.5102,9.0
A1,wolves1d6,start,10000,0.4038,24.3288,12.2558,6.2687,8.1518,8.1518,9.0
A2,wolves1d6,start,10000,0.446,23.3508,11.6065,5.8205,7.2471,7.2471,8.0
A12,wolves1d6,start,10000,0.5098,26.2032,14.088,7.7964,6.779,6.779,7.0
B,wolves1d6,start,10000,0.2045,21.5242,9.0449,3.7278,6.7906,6.7906,8.0
RAW,undeadA1d6,start,10000,0.3334,20.5186,9.523,4.5507,4.1492,14.5548,16.0
A0,undeadA1d6,start,10000,0.2272,19.4506,8.3116,3.5772,9.106,9.106,10.0
A1,undeadA1d6,start,10000,0.3455,22.0138,10.2613,4.7309,8.622,8.622,10.0
A2,undeadA1d6,start,10000,0.3228,21.1094,9.868,4.749,8.2082,8.2082,9.0
A12,undeadA1d6,start,10000,0.439,23.2635,11.52,5.7486,7.289,7.289,8.0
B,undeadA1d6,start,10000,0.0051,16.2598,4.7086,1.0187,6.9766,6.9766,6.0
RAW,undeadC,start,10000,0.3939,23.6558,11.5504,5.7726,4.5227,8.7864,8.0
A0,undeadC,start,10000,0.6092,28.99,15.9172,8.5066,5.7117,5.7117,6.0
A1,undeadC,start,10000,0.6578,29.9075,16.5759,8.921,5.5476,5.5476,6.0
A2,undeadC,start,10000,0.6092,28.99,15.9172,8.5066,5.7117,5.7117,6.0
A12,undeadC,start,10000,0.6578,29.9075,16.5759,8.921,5.5476,5.5476,6.0
B,undeadC,start,10000,0.0003,22.8298,8.8298,1.2332,5.2701,5.2701,5.0
RAW,bearcave,start,10000,0.5423,30.0734,16.7848,9.4628,4.2213,8.1788,8.0
A0,bearcave,start,10000,0.598,32.3296,18.7664,10.6918,5.8635,5.8635,6.0
A1,bearcave,start,10000,0.734,31.3743,17.7503,9.5205,5.3623,5.3623,5.0
A2,bearcave,start,10000,0.598,32.3296,18.7664,10.6918,5.8635,5.8635,6.0
A12,bearcave,start,10000,0.734,31.3743,17.7503,9.5205,5.3623,5.3623,5.0
B,bearcave,start,10000,0.9675,36.7588,22.7588,13.7588,4.9675,4.9675,5.0
RAW,S1_chapel,start,10000,0.721,32.0121,18.0938,9.6606,4.5098,13.5072,13.0
A0,S1_chapel,start,10000,0.7263,32.6154,18.6914,10.2017,9.0696,9.0696,9.0
A1,S1_chapel,start,10000,0.8117,33.8827,19.9277,11.2461,8.6417,8.6417,9.0
A2,S1_chapel,start,10000,0.7957,33.4494,19.514,10.8809,8.0503,8.0503,8.0
A12,S1_chapel,start,10000,0.8659,34.5103,20.5529,11.7998,7.3813,7.3813,7.0
B,S1_chapel,start,10000,0.6372,33.2534,19.2534,10.2534,7.512,7.512,8.0
RAW,S5_swarm2d6,start,10000,0.8177,31.7892,18.0574,9.7545,3.6932,20.8837,21.0
A0,S5_swarm2d6,start,10000,0.7115,30.8174,17.0924,9.0025,13.8284,13.8284,14.0
A1,S5_swarm2d6,start,10000,0.8074,31.8413,18.0005,9.5819,12.0729,12.0729,12.0
A2,S5_swarm2d6,start,10000,0.7925,32.4372,18.6408,10.2958,11.5121,11.5121,11.0
A12,S5_swarm2d6,start,10000,0.8722,33.123,19.2579,10.6877,9.4351,9.4351,9.0
B,S5_swarm2d6,start,10000,0.4875,28.6642,14.8474,7.0455,12.2813,12.2813,13.0
RAW,ape,t5000,10000,0.0,1.9574,0,0,1.1933,1.9397,2.0
A0,ape,t5000,10000,0.0,1.161,0,0,1.2925,1.2925,1.0
A1,ape,t5000,10000,0.0,1.48,0,0,1.2925,1.2925,1.0
A2,ape,t5000,10000,0.0,1.161,0,0,1.2925,1.2925,1.0
A12,ape,t5000,10000,0.0,1.48,0,0,1.2925,1.2925,1.0
B,ape,t5000,10000,0.0,4.4808,0,0,1.4154,1.4154,1.0
RAW,bear,t5000,10000,0.0001,7.4326,0.0784,0.002,2.1739,3.9263,4.0
A0,bear,t5000,10000,0.0,4.4596,0.004,0,2.4989,2.4989,2.0
A1,bear,t5000,10000,0.0,5.1077,0.0104,0,2.4989,2.4989,2.0
A2,bear,t5000,10000,0.0,4.4596,0.004,0,2.4989,2.4989,2.0
A12,bear,t5000,10000,0.0,5.1077,0.0104,0,2.4989,2.4989,2.0
B,bear,t5000,10000,0.0,14.58,0,0,2.6593,2.6593,3.0
RAW,wolves1d6,t5000,10000,0.1509,22.909,7.4923,2.0657,3.543,11.7499,11.0
A0,wolves1d6,t5000,10000,0.0015,8.1448,0.5769,0.0413,5.3279,5.3279,5.0
A1,wolves1d6,t5000,10000,0.0066,9.8648,1.1161,0.1102,5.3141,5.3141,5.0
A2,wolves1d6,t5000,10000,0.0101,9.3577,1.2147,0.1812,5.3224,5.3224,5.0
A12,wolves1d6,t5000,10000,0.0279,11.4456,2.0639,0.3792,5.2902,5.2902,5.0
B,wolves1d6,t5000,10000,0.0,15.239,0.4491,0,4.9399,4.9399,5.0
RAW,undeadA1d6,t5000,10000,0.0205,15.4952,2.6468,0.3496,3.7851,12.1872,11.0
A0,undeadA1d6,t5000,10000,0.0003,6.2792,0.2322,0.0084,5.2676,5.2676,4.0
A1,undeadA1d6,t5000,10000,0.0014,8.0065,0.5619,0.0365,5.2607,5.2607,4.0
A2,undeadA1d6,t5000,10000,0.004,7.05,0.5707,0.0662,5.2519,5.2519,4.0
A12,undeadA1d6,t5000,10000,0.0106,9.1365,1.1733,0.1812,5.2423,5.2423,4.0
B,undeadA1d6,t5000,10000,0.0,10.75,0.0106,0,4.9607,4.9607,5.0
RAW,undeadC,t5000,10000,0.0052,11.6666,1.6055,0.0926,3.0752,5.7553,6.0
A0,undeadC,t5000,10000,0.0025,6.6168,1.1378,0.0438,3.7316,3.7316,4.0
A1,undeadC,t5000,10000,0.0031,7.6267,1.1903,0.0581,3.7303,3.7303,4.0
A2,undeadC,t5000,10000,0.0025,6.6168,1.1378,0.0438,3.7316,3.7316,4.0
A12,undeadC,t5000,10000,0.0031,7.6267,1.1903,0.0581,3.7303,3.7303,4.0
B,undeadC,t5000,10000,0.0,15.9352,0.0014,0,3.8279,3.8279,4.0
RAW,bearcave,t5000,10000,0.0072,16.3252,1.3656,0.1386,3.1728,5.9411,6.0
A0,bearcave,t5000,10000,0.0032,9.3408,0.5009,0.0568,3.7367,3.7367,4.0
A1,bearcave,t5000,10000,0.0032,10.3654,0.7027,0.0881,3.7366,3.7366,4.0
A2,bearcave,t5000,10000,0.0032,9.3408,0.5009,0.0568,3.7367,3.7367,4.0
A12,bearcave,t5000,10000,0.0032,10.3654,0.7027,0.0881,3.7366,3.7366,4.0
B,bearcave,t5000,10000,0.0,27.9418,3.5235,0,3.8389,3.8389,4.0
RAW,S1_chapel,t5000,10000,0.0231,20.9672,2.9914,0.4205,4.0395,10.3726,10.0
A0,S1_chapel,t5000,10000,0.0082,12.9803,1.4676,0.1683,5.5925,5.5925,5.0
A1,S1_chapel,t5000,10000,0.0137,14.7178,2.1481,0.277,5.5872,5.5872,5.0
A2,S1_chapel,t5000,10000,0.0097,13.3817,1.5837,0.1916,5.6019,5.6019,5.0
A12,S1_chapel,t5000,10000,0.0154,15.2459,2.3283,0.3187,5.6023,5.6023,5.0
B,S1_chapel,t5000,10000,0.0,23.2785,0.9461,0,5.4876,5.4876,5.0
RAW,S5_swarm2d6,t5000,10000,0.4673,38.7032,16.5198,5.3344,5.1424,26.5467,29.0
A0,S5_swarm2d6,t5000,10000,0.0299,18.974,3.475,0.5026,12.0737,12.0737,12.0
A1,S5_swarm2d6,t5000,10000,0.0757,23.3174,6.0256,1.2072,11.9501,11.9501,12.0
A2,S5_swarm2d6,t5000,10000,0.089,22.1764,5.8195,1.278,11.8254,11.8254,12.0
A12,S5_swarm2d6,t5000,10000,0.1821,27.143,9.1731,2.5627,11.3427,11.3427,12.0
B,S5_swarm2d6,t5000,10000,0.0001,21.6124,2.0167,0.0192,9.9725,9.9725,10.0
