D,dts,p_rest,sessions_per_cycle,p_rise,cap,doom_rule,median,mean,in_2_5,before_2,after_5_or_never
4,4,0.5,1,0.15,0,nat10,3.0,2.66,0.976,0.023,0.002
4,4,0.5,1,0.15,0,encounter,2.0,2.28,0.924,0.076,0.0
4,4,0.5,1,0.15,1,nat10,4.0,4.23,0.976,0.0,0.025
4,4,0.5,1,0.15,1,encounter,4.0,4.14,0.99,0.0,0.01
4,4,0.5,1,0.15,2,nat10,3.0,2.83,0.999,0.0,0.002
4,4,0.5,1,0.15,2,encounter,2.0,2.55,1.0,0.0,0.0
4,4,0.5,1,0.3,0,nat10,3.0,2.88,0.97,0.021,0.009
4,4,0.5,1,0.3,0,encounter,2.0,2.42,0.932,0.066,0.002
4,4,0.5,1,0.3,1,nat10,4.0,4.44,0.918,0.0,0.082
4,4,0.5,1,0.3,1,encounter,4.0,4.28,0.964,0.0,0.036
4,4,0.5,1,0.3,2,nat10,3.0,3.06,0.989,0.0,0.011
4,4,0.5,1,0.3,2,encounter,3.0,2.7,0.998,0.0,0.002
4,4,0.5,1,0.5,0,nat10,3,3.26,0.943,0.018,0.04
4,4,0.5,1,0.5,0,encounter,3.0,2.65,0.942,0.05,0.008
4,4,0.5,1,0.5,1,nat10,5.0,4.81,0.801,0.0,0.199
4,4,0.5,1,0.5,1,encounter,4,4.49,0.906,0.0,0.094
4,4,0.5,1,0.5,2,nat10,3,3.43,0.955,0.0,0.045
4,4,0.5,1,0.5,2,encounter,3.0,2.93,0.991,0.0,0.009
4,4,0.5,2,0.15,0,nat10,4.0,3.49,0.932,0.003,0.065
4,4,0.5,2,0.15,0,encounter,3.0,2.79,0.974,0.017,0.009
4,4,0.5,2,0.15,1,nat10,5.0,5.01,0.697,0.0,0.303
4,4,0.5,2,0.15,1,encounter,4.0,4.59,0.852,0.0,0.148
4,4,0.5,2,0.15,2,nat10,4.0,3.68,0.928,0.0,0.071
4,4,0.5,2,0.15,2,encounter,3.0,3.09,0.988,0.0,0.013
4,4,0.5,2,0.3,0,nat10,4.0,3.67,0.899,0.003,0.098
4,4,0.5,2,0.3,0,encounter,3.0,2.89,0.966,0.017,0.018
4,4,0.5,2,0.3,1,nat10,5,5.16,0.659,0.0,0.341
4,4,0.5,2,0.3,1,encounter,4.0,4.67,0.828,0.0,0.172
4,4,0.5,2,0.3,2,nat10,4.0,3.85,0.889,0.0,0.111
4,4,0.5,2,0.3,2,encounter,3.0,3.17,0.978,0.0,0.022
4,4,0.5,2,0.5,0,nat10,4,3.92,0.849,0.003,0.148
4,4,0.5,2,0.5,0,encounter,3.0,3.05,0.951,0.017,0.033
4,4,0.5,2,0.5,1,nat10,5,5.35,0.607,0.0,0.394
4,4,0.5,2,0.5,1,encounter,4.0,4.77,0.799,0.0,0.201
4,4,0.5,2,0.5,2,nat10,4,4.08,0.84,0.0,0.161
4,4,0.5,2,0.5,2,encounter,3.0,3.32,0.961,0.0,0.04
4,4,0.5,3,0.15,0,nat10,4.0,3.91,0.866,0.002,0.132
4,4,0.5,3,0.15,0,encounter,3.0,3.09,0.963,0.013,0.024
4,4,0.5,3,0.15,1,nat10,5.0,5.33,0.58,0.0,0.42
4,4,0.5,3,0.15,1,encounter,5.0,4.75,0.81,0.0,0.19
4,4,0.5,3,0.15,2,nat10,4.0,4.08,0.852,0.0,0.148
4,4,0.5,3,0.15,2,encounter,3.0,3.3,0.969,0.0,0.031
4,4,0.5,3,0.3,0,nat10,4.0,4.05,0.834,0.002,0.164
4,4,0.5,3,0.3,0,encounter,3.0,3.16,0.951,0.013,0.036
4,4,0.5,3,0.3,1,nat10,5,5.43,0.555,0.0,0.445
4,4,0.5,3,0.3,1,encounter,5.0,4.79,0.797,0.0,0.203
4,4,0.5,3,0.3,2,nat10,4.0,4.2,0.822,0.0,0.178
4,4,0.5,3,0.3,2,encounter,3.0,3.36,0.957,0.0,0.043
4,4,0.5,3,0.5,0,nat10,4,4.22,0.796,0.002,0.202
4,4,0.5,3,0.5,0,encounter,3.0,3.23,0.942,0.013,0.045
4,4,0.5,3,0.5,1,nat10,5.0,5.55,0.532,0.0,0.468
4,4,0.5,3,0.5,1,encounter,5.0,4.85,0.779,0.0,0.221
4,4,0.5,3,0.5,2,nat10,4,4.36,0.785,0.0,0.215
4,4,0.5,3,0.5,2,encounter,3.0,3.44,0.947,0.0,0.053
4,4,1.0,1,0.15,0,nat10,2.0,2.11,0.96,0.041,0.0
4,4,1.0,1,0.15,0,encounter,2.0,1.92,0.855,0.145,0.0
4,4,1.0,1,0.15,1,nat10,4.0,4,1.0,0.0,0.0
4,4,1.0,1,0.15,1,encounter,4.0,4,1.0,0.0,0.0
4,4,1.0,1,0.15,2,nat10,2.0,2.21,1.0,0.0,0.0
4,4,1.0,1,0.15,2,encounter,2.0,2.13,1.0,0.0,0.0
4,4,1.0,1,0.3,0,nat10,2.0,2.25,0.966,0.035,0.0
4,4,1.0,1,0.3,0,encounter,2.0,2.0,0.877,0.123,0.0
4,4,1.0,1,0.3,1,nat10,4.0,4,1.0,0.0,0.0
4,4,1.0,1,0.3,1,encounter,4.0,4,1.0,0.0,0.0
4,4,1.0,1,0.3,2,nat10,2.0,2.38,1.0,0.0,0.0
4,4,1.0,1,0.3,2,encounter,2.0,2.24,1.0,0.0,0.0
4,4,1.0,1,0.5,0,nat10,2.0,2.46,0.973,0.027,0.0
4,4,1.0,1,0.5,0,encounter,2.0,2.14,0.906,0.094,0.0
4,4,1.0,1,0.5,1,nat10,4.0,4,1.0,0.0,0.0
4,4,1.0,1,0.5,1,encounter,4.0,4,1.0,0.0,0.0
4,4,1.0,1,0.5,2,nat10,3.0,2.6,1.0,0.0,0.0
4,4,1.0,1,0.5,2,encounter,2.0,2.4,1.0,0.0,0.0
4,4,1.0,2,0.15,0,nat10,2.0,2.51,0.995,0.005,0.0
4,4,1.0,2,0.15,0,encounter,2.0,2.19,0.967,0.033,0.0
4,4,1.0,2,0.15,1,nat10,4.0,4,1.0,0.0,0.0
4,4,1.0,2,0.15,1,encounter,4.0,4,1.0,0.0,0.0
4,4,1.0,2,0.15,2,nat10,3.0,2.73,1.0,0.0,0.0
4,4,1.0,2,0.15,2,encounter,2.0,2.46,1.0,0.0,0.0
4,4,1.0,2,0.3,0,nat10,3.0,2.6,0.995,0.005,0.0
4,4,1.0,2,0.3,0,encounter,2.0,2.25,0.967,0.033,0.0
4,4,1.0,2,0.3,1,nat10,4.0,4,1.0,0.0,0.0
4,4,1.0,2,0.3,1,encounter,4.0,4,1.0,0.0,0.0
4,4,1.0,2,0.3,2,nat10,3.0,2.81,1.0,0.0,0.0
4,4,1.0,2,0.3,2,encounter,2.0,2.51,1.0,0.0,0.0
4,4,1.0,2,0.5,0,nat10,3.0,2.74,0.995,0.005,0.0
4,4,1.0,2,0.5,0,encounter,2.0,2.34,0.967,0.033,0.0
4,4,1.0,2,0.5,1,nat10,4.0,4,1.0,0.0,0.0
4,4,1.0,2,0.5,1,encounter,4.0,4,1.0,0.0,0.0
4,4,1.0,2,0.5,2,nat10,3.0,2.91,1.0,0.0,0.0
4,4,1.0,2,0.5,2,encounter,3.0,2.57,1.0,0.0,0.0
4,4,1.0,3,0.15,0,nat10,3.0,2.86,0.998,0.003,0.0
4,4,1.0,3,0.15,0,encounter,3.0,2.48,0.972,0.029,0.0
4,4,1.0,3,0.15,1,nat10,4.0,4,1.0,0.0,0.0
4,4,1.0,3,0.15,1,encounter,4.0,4,1.0,0.0,0.0
4,4,1.0,3,0.15,2,nat10,3.0,2.93,1.0,0.0,0.0
4,4,1.0,3,0.15,2,encounter,3.0,2.67,1.0,0.0,0.0
4,4,1.0,3,0.3,0,nat10,3.0,2.9,0.998,0.003,0.0
4,4,1.0,3,0.3,0,encounter,3.0,2.49,0.972,0.029,0.0
4,4,1.0,3,0.3,1,nat10,4.0,4,1.0,0.0,0.0
4,4,1.0,3,0.3,1,encounter,4.0,4,1.0,0.0,0.0
4,4,1.0,3,0.3,2,nat10,3.0,2.97,1.0,0.0,0.0
4,4,1.0,3,0.3,2,encounter,3.0,2.68,1.0,0.0,0.0
4,4,1.0,3,0.5,0,nat10,3.0,2.96,0.998,0.003,0.0
4,4,1.0,3,0.5,0,encounter,3.0,2.51,0.972,0.029,0.0
4,4,1.0,3,0.5,1,nat10,4.0,4,1.0,0.0,0.0
4,4,1.0,3,0.5,1,encounter,4.0,4,1.0,0.0,0.0
4,4,1.0,3,0.5,2,nat10,3.0,3.04,1.0,0.0,0.0
4,4,1.0,3,0.5,2,encounter,3.0,2.7,1.0,0.0,0.0
4,6,0.5,1,0.15,0,nat10,2.0,2.42,0.933,0.066,0.001
4,6,0.5,1,0.15,0,encounter,2.0,1.98,0.789,0.21,0.0
4,6,0.5,1,0.15,1,nat10,4.0,4.17,0.984,0.0,0.016
4,6,0.5,1,0.15,1,encounter,4.0,4.08,0.997,0.0,0.004
4,6,0.5,1,0.15,2,nat10,3.0,2.65,0.999,0.0,0.001
4,6,0.5,1,0.15,2,encounter,2.0,2.36,1.0,0.0,0.0
4,6,0.5,1,0.3,0,nat10,2.0,2.61,0.941,0.056,0.004
4,6,0.5,1,0.3,0,encounter,2.0,2.08,0.817,0.183,0.001
4,6,0.5,1,0.3,1,nat10,4.0,4.34,0.941,0.0,0.059
4,6,0.5,1,0.3,1,encounter,4.0,4.16,0.986,0.0,0.014
4,6,0.5,1,0.3,2,nat10,3.0,2.84,0.996,0.0,0.004
4,6,0.5,1,0.3,2,encounter,2.0,2.47,1.0,0.0,0.001
4,6,0.5,1,0.5,0,nat10,3.0,2.89,0.938,0.043,0.018
4,6,0.5,1,0.5,0,encounter,2.0,2.25,0.856,0.143,0.001
4,6,0.5,1,0.5,1,nat10,4.0,4.59,0.874,0.0,0.126
4,6,0.5,1,0.5,1,encounter,4.0,4.29,0.956,0.0,0.044
4,6,0.5,1,0.5,2,nat10,3.0,3.13,0.979,0.0,0.021
4,6,0.5,1,0.5,2,encounter,2.0,2.62,0.999,0.0,0.002
4,6,0.5,2,0.15,0,nat10,3.0,3.14,0.962,0.006,0.032
4,6,0.5,2,0.15,0,encounter,2.0,2.41,0.937,0.061,0.002
4,6,0.5,2,0.15,1,nat10,4.0,4.78,0.782,0.0,0.217
4,6,0.5,2,0.15,1,encounter,4.0,4.36,0.929,0.0,0.07
4,6,0.5,2,0.15,2,nat10,3.0,3.4,0.962,0.0,0.038
4,6,0.5,2,0.15,2,encounter,3.0,2.74,0.998,0.0,0.003
4,6,0.5,2,0.3,0,nat10,3.0,3.28,0.945,0.006,0.049
4,6,0.5,2,0.3,0,encounter,2.0,2.48,0.936,0.061,0.002
4,6,0.5,2,0.3,1,nat10,5.0,4.88,0.747,0.0,0.253
4,6,0.5,2,0.3,1,encounter,4.0,4.4,0.917,0.0,0.083
4,6,0.5,2,0.3,2,nat10,3.0,3.54,0.944,0.0,0.057
4,6,0.5,2,0.3,2,encounter,3.0,2.8,0.997,0.0,0.003
4,6,0.5,2,0.5,0,nat10,3,3.48,0.918,0.006,0.075
4,6,0.5,2,0.5,0,encounter,2.0,2.55,0.936,0.061,0.003
4,6,0.5,2,0.5,1,nat10,5.0,5.03,0.698,0.0,0.302
4,6,0.5,2,0.5,1,encounter,4.0,4.45,0.907,0.0,0.092
4,6,0.5,2,0.5,2,nat10,4,3.71,0.918,0.0,0.082
4,6,0.5,2,0.5,2,encounter,3.0,2.88,0.995,0.0,0.005
4,6,0.5,3,0.15,0,nat10,3.0,3.46,0.917,0.011,0.071
4,6,0.5,3,0.15,0,encounter,3.0,2.62,0.935,0.061,0.004
4,6,0.5,3,0.15,1,nat10,5,5.1,0.661,0.0,0.339
4,6,0.5,3,0.15,1,encounter,4.0,4.5,0.896,0.0,0.104
4,6,0.5,3,0.15,2,nat10,3.0,3.67,0.912,0.0,0.088
4,6,0.5,3,0.15,2,encounter,3.0,2.91,0.994,0.0,0.006
4,6,0.5,3,0.3,0,nat10,3.0,3.55,0.902,0.011,0.086
4,6,0.5,3,0.3,0,encounter,3.0,2.64,0.933,0.061,0.005
4,6,0.5,3,0.3,1,nat10,5,5.17,0.648,0.0,0.351
4,6,0.5,3,0.3,1,encounter,4.0,4.52,0.89,0.0,0.11
4,6,0.5,3,0.3,2,nat10,3.0,3.76,0.897,0.0,0.102
4,6,0.5,3,0.3,2,encounter,3.0,2.94,0.992,0.0,0.009
4,6,0.5,3,0.5,0,nat10,3.0,3.69,0.876,0.011,0.113
4,6,0.5,3,0.5,0,encounter,3.0,2.68,0.931,0.061,0.008
4,6,0.5,3,0.5,1,nat10,5,5.25,0.628,0.0,0.371
4,6,0.5,3,0.5,1,encounter,4.0,4.55,0.881,0.0,0.119
4,6,0.5,3,0.5,2,nat10,4.0,3.89,0.873,0.0,0.127
4,6,0.5,3,0.5,2,encounter,3.0,2.98,0.989,0.0,0.011
4,6,1.0,1,0.15,0,nat10,2.0,1.98,0.887,0.113,0.0
4,6,1.0,1,0.15,0,encounter,2.0,1.71,0.686,0.314,0.0
4,6,1.0,1,0.15,1,nat10,4.0,4,1.0,0.0,0.0
4,6,1.0,1,0.15,1,encounter,4.0,4,1.0,0.0,0.0
4,6,1.0,1,0.15,2,nat10,2.0,2.16,1.0,0.0,0.0
4,6,1.0,1,0.15,2,encounter,2.0,2.08,1.0,0.0,0.0
4,6,1.0,1,0.3,0,nat10,2.0,2.09,0.901,0.099,0.0
4,6,1.0,1,0.3,0,encounter,2.0,1.79,0.732,0.269,0.0
4,6,1.0,1,0.3,1,nat10,4.0,4,1.0,0.0,0.0
4,6,1.0,1,0.3,1,encounter,4.0,4,1.0,0.0,0.0
4,6,1.0,1,0.3,2,nat10,2.0,2.29,1.0,0.0,0.0
4,6,1.0,1,0.3,2,encounter,2.0,2.14,1.0,0.0,0.0
4,6,1.0,1,0.5,0,nat10,2.0,2.26,0.922,0.077,0.0
4,6,1.0,1,0.5,0,encounter,2.0,1.89,0.779,0.221,0.0
4,6,1.0,1,0.5,1,nat10,4.0,4,1.0,0.0,0.0
4,6,1.0,1,0.5,1,encounter,4.0,4,1.0,0.0,0.0
4,6,1.0,1,0.5,2,nat10,2.0,2.48,1.0,0.0,0.0
4,6,1.0,1,0.5,2,encounter,2.0,2.25,1.0,0.0,0.0
4,6,1.0,2,0.15,0,nat10,2.0,2.38,0.987,0.013,0.0
4,6,1.0,2,0.15,0,encounter,2.0,2.0,0.893,0.106,0.0
4,6,1.0,2,0.15,1,nat10,4.0,4,1.0,0.0,0.0
4,6,1.0,2,0.15,1,encounter,4.0,4,1.0,0.0,0.0
4,6,1.0,2,0.15,2,nat10,3.0,2.61,1.0,0.0,0.0
4,6,1.0,2,0.15,2,encounter,2.0,2.31,1.0,0.0,0.0
4,6,1.0,2,0.3,0,nat10,2.0,2.47,0.987,0.013,0.0
4,6,1.0,2,0.3,0,encounter,2.0,2.04,0.893,0.106,0.0
4,6,1.0,2,0.3,1,nat10,4.0,4,1.0,0.0,0.0
4,6,1.0,2,0.3,1,encounter,4.0,4,1.0,0.0,0.0
4,6,1.0,2,0.3,2,nat10,3.0,2.69,1.0,0.0,0.0
4,6,1.0,2,0.3,2,encounter,2.0,2.34,1.0,0.0,0.0
4,6,1.0,2,0.5,0,nat10,2.0,2.56,0.987,0.013,0.0
4,6,1.0,2,0.5,0,encounter,2.0,2.09,0.893,0.106,0.0
4,6,1.0,2,0.5,1,nat10,4.0,4,1.0,0.0,0.0
4,6,1.0,2,0.5,1,encounter,4.0,4,1.0,0.0,0.0
4,6,1.0,2,0.5,2,nat10,3.0,2.76,1.0,0.0,0.0
4,6,1.0,2,0.5,2,encounter,2.0,2.38,1.0,0.0,0.0
4,6,1.0,3,0.15,0,nat10,3.0,2.69,0.986,0.014,0.0
4,6,1.0,3,0.15,0,encounter,2.0,2.19,0.902,0.098,0.0
4,6,1.0,3,0.15,1,nat10,4.0,4,1.0,0.0,0.0
4,6,1.0,3,0.15,1,encounter,4.0,4,1.0,0.0,0.0
4,6,1.0,3,0.15,2,nat10,3.0,2.82,1.0,0.0,0.0
4,6,1.0,3,0.15,2,encounter,2.0,2.46,1.0,0.0,0.0
4,6,1.0,3,0.3,0,nat10,3.0,2.71,0.986,0.014,0.0
4,6,1.0,3,0.3,0,encounter,2.0,2.19,0.902,0.098,0.0
4,6,1.0,3,0.3,1,nat10,4.0,4,1.0,0.0,0.0
4,6,1.0,3,0.3,1,encounter,4.0,4,1.0,0.0,0.0
4,6,1.0,3,0.3,2,nat10,3.0,2.84,1.0,0.0,0.0
4,6,1.0,3,0.3,2,encounter,2.0,2.46,1.0,0.0,0.0
4,6,1.0,3,0.5,0,nat10,3.0,2.74,0.986,0.014,0.0
4,6,1.0,3,0.5,0,encounter,2.0,2.19,0.902,0.098,0.0
4,6,1.0,3,0.5,1,nat10,4.0,4,1.0,0.0,0.0
4,6,1.0,3,0.5,1,encounter,4.0,4,1.0,0.0,0.0
4,6,1.0,3,0.5,2,nat10,3.0,2.87,1.0,0.0,0.0
4,6,1.0,3,0.5,2,encounter,2.0,2.47,1.0,0.0,0.0
4,10,0.5,1,0.15,0,nat10,2.0,2.11,0.85,0.15,0.001
4,10,0.5,1,0.15,0,encounter,2.0,1.61,0.562,0.438,0.0
4,10,0.5,1,0.15,1,nat10,4.0,4.11,0.995,0.0,0.005
4,10,0.5,1,0.15,1,encounter,4.0,4.03,0.999,0.0,0.001
4,10,0.5,1,0.15,2,nat10,2.0,2.46,1.0,0.0,0.001
4,10,0.5,1,0.15,2,encounter,2.0,2.16,1.0,0.0,0.0
4,10,0.5,1,0.3,0,nat10,2.0,2.25,0.869,0.131,0.001
4,10,0.5,1,0.3,0,encounter,2.0,1.68,0.599,0.401,0.0
4,10,0.5,1,0.3,1,nat10,4.0,4.23,0.974,0.0,0.026
4,10,0.5,1,0.3,1,encounter,4.0,4.06,0.997,0.0,0.004
4,10,0.5,1,0.3,2,nat10,3.0,2.6,1.0,0.0,0.001
4,10,0.5,1,0.3,2,encounter,2.0,2.22,1.0,0.0,0.0
4,10,0.5,1,0.5,0,nat10,2.0,2.46,0.896,0.101,0.003
4,10,0.5,1,0.5,0,encounter,2.0,1.78,0.655,0.344,0.0
4,10,0.5,1,0.5,1,nat10,4.0,4.4,0.929,0.0,0.071
4,10,0.5,1,0.5,1,encounter,4.0,4.11,0.992,0.0,0.009
4,10,0.5,1,0.5,2,nat10,3.0,2.8,0.996,0.0,0.004
4,10,0.5,1,0.5,2,encounter,2.0,2.3,1.0,0.0,0.0
4,10,0.5,2,0.15,0,nat10,2.0,2.58,0.957,0.04,0.004
4,10,0.5,2,0.15,0,encounter,2.0,1.89,0.774,0.226,0.0
4,10,0.5,2,0.15,1,nat10,4.0,4.48,0.887,0.0,0.113
4,10,0.5,2,0.15,1,encounter,4.0,4.14,0.983,0.0,0.018
4,10,0.5,2,0.15,2,nat10,3.0,2.92,0.993,0.0,0.007
4,10,0.5,2,0.15,2,encounter,2.0,2.35,1.0,0.0,0.0
4,10,0.5,2,0.3,0,nat10,2.0,2.67,0.953,0.04,0.007
4,10,0.5,2,0.3,0,encounter,2.0,1.92,0.774,0.226,0.0
4,10,0.5,2,0.3,1,nat10,4.0,4.53,0.872,0.0,0.128
4,10,0.5,2,0.3,1,encounter,4.0,4.16,0.978,0.0,0.022
4,10,0.5,2,0.3,2,nat10,3.0,3.0,0.987,0.0,0.013
4,10,0.5,2,0.3,2,encounter,2.0,2.37,1.0,0.0,0.0
4,10,0.5,2,0.5,0,nat10,3.0,2.79,0.945,0.04,0.015
4,10,0.5,2,0.5,0,encounter,2.0,1.95,0.774,0.226,0.0
4,10,0.5,2,0.5,1,nat10,4.0,4.64,0.842,0.0,0.159
4,10,0.5,2,0.5,1,encounter,4.0,4.18,0.977,0.0,0.024
4,10,0.5,2,0.5,2,nat10,3.0,3.1,0.98,0.0,0.021
4,10,0.5,2,0.5,2,encounter,2.0,2.41,1.0,0.0,0.0
4,10,0.5,3,0.15,0,nat10,3.0,2.87,0.938,0.046,0.016
4,10,0.5,3,0.15,0,encounter,2.0,2.02,0.775,0.225,0.0
4,10,0.5,3,0.15,1,nat10,4.0,4.65,0.839,0.0,0.161
4,10,0.5,3,0.15,1,encounter,4.0,4.19,0.978,0.0,0.022
4,10,0.5,3,0.15,2,nat10,3.0,3.15,0.983,0.0,0.018
4,10,0.5,3,0.15,2,encounter,2.0,2.48,1.0,0.0,0.0
4,10,0.5,3,0.3,0,nat10,3.0,2.92,0.931,0.046,0.022
4,10,0.5,3,0.3,0,encounter,2.0,2.03,0.775,0.225,0.0
4,10,0.5,3,0.3,1,nat10,4,4.69,0.825,0.0,0.175
4,10,0.5,3,0.3,1,encounter,4.0,4.2,0.977,0.0,0.024
4,10,0.5,3,0.3,2,nat10,3.0,3.2,0.976,0.0,0.024
4,10,0.5,3,0.3,2,encounter,2.0,2.48,1.0,0.0,0.0
4,10,0.5,3,0.5,0,nat10,3.0,2.97,0.925,0.046,0.029
4,10,0.5,3,0.5,0,encounter,2.0,2.03,0.775,0.225,0.0
4,10,0.5,3,0.5,1,nat10,4,4.74,0.817,0.0,0.183
4,10,0.5,3,0.5,1,encounter,4.0,4.21,0.976,0.0,0.025
4,10,0.5,3,0.5,2,nat10,3.0,3.25,0.968,0.0,0.032
4,10,0.5,3,0.5,2,encounter,2.0,2.49,1.0,0.0,0.0
4,10,1.0,1,0.15,0,nat10,2.0,1.81,0.765,0.234,0.0
4,10,1.0,1,0.15,0,encounter,1.0,1.44,0.433,0.567,0.0
4,10,1.0,1,0.15,1,nat10,4.0,4,1.0,0.0,0.0
4,10,1.0,1,0.15,1,encounter,4.0,4,1.0,0.0,0.0
4,10,1.0,1,0.15,2,nat10,2.0,2.1,1.0,0.0,0.0
4,10,1.0,1,0.15,2,encounter,2.0,2.02,1.0,0.0,0.0
4,10,1.0,1,0.3,0,nat10,2.0,1.89,0.797,0.203,0.0
4,10,1.0,1,0.3,0,encounter,1.0,1.49,0.477,0.522,0.0
4,10,1.0,1,0.3,1,nat10,4.0,4,1.0,0.0,0.0
4,10,1.0,1,0.3,1,encounter,4.0,4,1.0,0.0,0.0
4,10,1.0,1,0.3,2,nat10,2.0,2.2,1.0,0.0,0.0
4,10,1.0,1,0.3,2,encounter,2.0,2.05,1.0,0.0,0.0
4,10,1.0,1,0.5,0,nat10,2.0,2.01,0.839,0.161,0.0
4,10,1.0,1,0.5,0,encounter,2.0,1.56,0.54,0.46,0.0
4,10,1.0,1,0.5,1,nat10,4.0,4,1.0,0.0,0.0
4,10,1.0,1,0.5,1,encounter,4.0,4,1.0,0.0,0.0
4,10,1.0,1,0.5,2,nat10,2.0,2.34,1.0,0.0,0.0
4,10,1.0,1,0.5,2,encounter,2.0,2.1,1.0,0.0,0.0
4,10,1.0,2,0.15,0,nat10,2.0,2.1,0.933,0.067,0.0
4,10,1.0,2,0.15,0,encounter,2.0,1.69,0.664,0.336,0.0
4,10,1.0,2,0.15,1,nat10,4.0,4,1.0,0.0,0.0
4,10,1.0,2,0.15,1,encounter,4.0,4,1.0,0.0,0.0
4,10,1.0,2,0.15,2,nat10,2.0,2.39,1.0,0.0,0.0
4,10,1.0,2,0.15,2,encounter,2.0,2.13,1.0,0.0,0.0
4,10,1.0,2,0.3,0,nat10,2.0,2.15,0.933,0.067,0.0
4,10,1.0,2,0.3,0,encounter,2.0,1.7,0.664,0.336,0.0
4,10,1.0,2,0.3,1,nat10,4.0,4,1.0,0.0,0.0
4,10,1.0,2,0.3,1,encounter,4.0,4,1.0,0.0,0.0
4,10,1.0,2,0.3,2,nat10,2.0,2.43,1.0,0.0,0.0
4,10,1.0,2,0.3,2,encounter,2.0,2.15,1.0,0.0,0.0
4,10,1.0,2,0.5,0,nat10,2.0,2.21,0.933,0.067,0.0
4,10,1.0,2,0.5,0,encounter,2.0,1.71,0.664,0.336,0.0
4,10,1.0,2,0.5,1,nat10,4.0,4,1.0,0.0,0.0
4,10,1.0,2,0.5,1,encounter,4.0,4,1.0,0.0,0.0
4,10,1.0,2,0.5,2,nat10,2.0,2.48,1.0,0.0,0.0
4,10,1.0,2,0.5,2,encounter,2.0,2.16,1.0,0.0,0.0
4,10,1.0,3,0.15,0,nat10,2.0,2.31,0.927,0.073,0.0
4,10,1.0,3,0.15,0,encounter,2.0,1.74,0.675,0.325,0.0
4,10,1.0,3,0.15,1,nat10,4.0,4,1.0,0.0,0.0
4,10,1.0,3,0.15,1,encounter,4.0,4,1.0,0.0,0.0
4,10,1.0,3,0.15,2,nat10,3.0,2.57,1.0,0.0,0.0
4,10,1.0,3,0.15,2,encounter,2.0,2.21,1.0,0.0,0.0
4,10,1.0,3,0.3,0,nat10,2.0,2.32,0.927,0.073,0.0
4,10,1.0,3,0.3,0,encounter,2.0,1.74,0.675,0.325,0.0
4,10,1.0,3,0.3,1,nat10,4.0,4,1.0,0.0,0.0
4,10,1.0,3,0.3,1,encounter,4.0,4,1.0,0.0,0.0
4,10,1.0,3,0.3,2,nat10,3.0,2.58,1.0,0.0,0.0
4,10,1.0,3,0.3,2,encounter,2.0,2.21,1.0,0.0,0.0
4,10,1.0,3,0.5,0,nat10,2.0,2.33,0.927,0.073,0.0
4,10,1.0,3,0.5,0,encounter,2.0,1.74,0.675,0.325,0.0
4,10,1.0,3,0.5,1,nat10,4.0,4,1.0,0.0,0.0
4,10,1.0,3,0.5,1,encounter,4.0,4,1.0,0.0,0.0
4,10,1.0,3,0.5,2,nat10,3.0,2.59,1.0,0.0,0.0
4,10,1.0,3,0.5,2,encounter,2.0,2.21,1.0,0.0,0.0
5,4,0.5,1,0.15,0,nat10,3.0,3.24,0.989,0.002,0.009
5,4,0.5,1,0.15,0,encounter,3.0,2.73,0.987,0.011,0.002
5,4,0.5,1,0.15,1,nat10,5.0,5.28,0.758,0.0,0.241
5,4,0.5,1,0.15,1,encounter,5.0,5.18,0.838,0.0,0.163
5,4,0.5,1,0.15,2,nat10,3.0,3.52,0.989,0.0,0.011
5,4,0.5,1,0.15,2,encounter,3.0,3.28,0.997,0.0,0.003
5,4,0.5,1,0.3,0,nat10,3.0,3.51,0.96,0.002,0.039
5,4,0.5,1,0.3,0,encounter,3.0,2.92,0.984,0.009,0.007
5,4,0.5,1,0.3,1,nat10,5.0,5.56,0.587,0.0,0.413
5,4,0.5,1,0.3,1,encounter,5.0,5.35,0.709,0.0,0.291
5,4,0.5,1,0.3,2,nat10,4.0,3.78,0.955,0.0,0.045
5,4,0.5,1,0.3,2,encounter,3.0,3.43,0.988,0.0,0.013
5,4,0.5,1,0.5,0,nat10,4.0,3.99,0.874,0.001,0.126
5,4,0.5,1,0.5,0,encounter,3,3.22,0.968,0.007,0.025
5,4,0.5,1,0.5,1,nat10,6.0,6.01,0.386,0.0,0.615
5,4,0.5,1,0.5,1,encounter,5,5.61,0.554,0.0,0.446
5,4,0.5,1,0.5,2,nat10,4.0,4.25,0.861,0.0,0.14
5,4,0.5,1,0.5,2,encounter,3,3.68,0.961,0.0,0.039
5,4,0.5,2,0.15,0,nat10,4.0,4.24,0.827,0.0,0.173
5,4,0.5,2,0.15,0,encounter,3.0,3.4,0.959,0.0,0.041
5,4,0.5,2,0.15,1,nat10,6,6.27,0.269,0.0,0.731
5,4,0.5,2,0.15,1,encounter,6.0,5.77,0.45,0.0,0.55
5,4,0.5,2,0.15,2,nat10,4.0,4.51,0.791,0.0,0.209
5,4,0.5,2,0.15,2,encounter,4.0,3.86,0.936,0.0,0.064
5,4,0.5,2,0.3,0,nat10,4,4.45,0.778,0.0,0.222
5,4,0.5,2,0.3,0,encounter,3.0,3.51,0.94,0.0,0.06
5,4,0.5,2,0.3,1,nat10,6.0,6.43,0.243,0.0,0.756
5,4,0.5,2,0.3,1,encounter,6,5.86,0.424,0.0,0.576
5,4,0.5,2,0.3,2,nat10,4,4.71,0.741,0.0,0.26
5,4,0.5,2,0.3,2,encounter,4.0,3.96,0.913,0.0,0.087
5,4,0.5,2,0.5,0,nat10,4.0,4.76,0.707,0.0,0.293
5,4,0.5,2,0.5,0,encounter,4.0,3.7,0.91,0.0,0.09
5,4,0.5,2,0.5,1,nat10,6.0,6.63,0.208,0.0,0.792
5,4,0.5,2,0.5,1,encounter,6.0,5.97,0.389,0.0,0.611
5,4,0.5,2,0.5,2,nat10,5.0,5.0,0.666,0.0,0.334
5,4,0.5,2,0.5,2,encounter,4.0,4.11,0.881,0.0,0.118
5,4,0.5,3,0.15,0,nat10,5,4.77,0.664,0.0,0.336
5,4,0.5,3,0.15,0,encounter,3.0,3.7,0.917,0.001,0.082
5,4,0.5,3,0.15,1,nat10,6,6.58,0.193,0.0,0.807
5,4,0.5,3,0.15,1,encounter,6.0,5.91,0.391,0.0,0.609
5,4,0.5,3,0.15,2,nat10,5,5.0,0.618,0.0,0.383
5,4,0.5,3,0.15,2,encounter,4.0,4.05,0.893,0.0,0.107
5,4,0.5,3,0.3,0,nat10,5,4.92,0.638,0.0,0.361
5,4,0.5,3,0.3,0,encounter,3.0,3.79,0.902,0.001,0.097
5,4,0.5,3,0.3,1,nat10,6.0,6.66,0.185,0.0,0.815
5,4,0.5,3,0.3,1,encounter,6.0,5.96,0.381,0.0,0.619
5,4,0.5,3,0.3,2,nat10,5.0,5.14,0.594,0.0,0.406
5,4,0.5,3,0.3,2,encounter,4.0,4.13,0.879,0.0,0.12
5,4,0.5,3,0.5,0,nat10,5.0,5.14,0.596,0.0,0.404
5,4,0.5,3,0.5,0,encounter,4.0,3.92,0.879,0.001,0.119
5,4,0.5,3,0.5,1,nat10,7,6.79,0.171,0.0,0.83
5,4,0.5,3,0.5,1,encounter,6.0,6.04,0.365,0.0,0.634
5,4,0.5,3,0.5,2,nat10,5.0,5.33,0.554,0.0,0.446
5,4,0.5,3,0.5,2,encounter,4.0,4.25,0.855,0.0,0.145
5,4,1.0,1,0.15,0,nat10,3.0,2.59,0.998,0.003,0.0
5,4,1.0,1,0.15,0,encounter,2.0,2.27,0.977,0.023,0.0
5,4,1.0,1,0.15,1,nat10,5.0,5,1.0,0.0,0.0
5,4,1.0,1,0.15,1,encounter,5.0,5,1.0,0.0,0.0
5,4,1.0,1,0.15,2,nat10,3.0,3.04,1.0,0.0,0.0
5,4,1.0,1,0.15,2,encounter,3.0,3.02,1.0,0.0,0.0
5,4,1.0,1,0.3,0,nat10,3.0,2.73,0.998,0.002,0.0
5,4,1.0,1,0.3,0,encounter,2.0,2.39,0.98,0.02,0.0
5,4,1.0,1,0.3,1,nat10,5.0,5,1.0,0.0,0.0
5,4,1.0,1,0.3,1,encounter,5.0,5,1.0,0.0,0.0
5,4,1.0,1,0.3,2,nat10,3.0,3.11,1.0,0.0,0.0
5,4,1.0,1,0.3,2,encounter,3.0,3.05,1.0,0.0,0.0
5,4,1.0,1,0.5,0,nat10,3.0,2.98,0.999,0.001,0.0
5,4,1.0,1,0.5,0,encounter,3.0,2.57,0.987,0.013,0.0
5,4,1.0,1,0.5,1,nat10,5.0,5,1.0,0.0,0.0
5,4,1.0,1,0.5,1,encounter,5.0,5,1.0,0.0,0.0
5,4,1.0,1,0.5,2,nat10,3.0,3.28,1.0,0.0,0.0
5,4,1.0,1,0.5,2,encounter,3.0,3.12,1.0,0.0,0.0
5,4,1.0,2,0.15,0,nat10,3.0,3.17,1.0,0.001,0.0
5,4,1.0,2,0.15,0,encounter,3.0,2.64,0.999,0.001,0.0
5,4,1.0,2,0.15,1,nat10,5.0,5,1.0,0.0,0.0
5,4,1.0,2,0.15,1,encounter,5.0,5,1.0,0.0,0.0
5,4,1.0,2,0.15,2,nat10,3.0,3.48,1.0,0.0,0.0
5,4,1.0,2,0.15,2,encounter,3.0,3.2,1.0,0.0,0.0
5,4,1.0,2,0.3,0,nat10,3.0,3.26,1.0,0.001,0.0
5,4,1.0,2,0.3,0,encounter,3.0,2.71,0.999,0.001,0.0
5,4,1.0,2,0.3,1,nat10,5.0,5,1.0,0.0,0.0
5,4,1.0,2,0.3,1,encounter,5.0,5,1.0,0.0,0.0
5,4,1.0,2,0.3,2,nat10,4.0,3.54,1.0,0.0,0.0
5,4,1.0,2,0.3,2,encounter,3.0,3.23,1.0,0.0,0.0
5,4,1.0,2,0.5,0,nat10,3.0,3.4,1.0,0.001,0.0
5,4,1.0,2,0.5,0,encounter,3.0,2.82,0.999,0.001,0.0
5,4,1.0,2,0.5,1,nat10,5.0,5,1.0,0.0,0.0
5,4,1.0,2,0.5,1,encounter,5.0,5,1.0,0.0,0.0
5,4,1.0,2,0.5,2,nat10,4.0,3.63,1.0,0.0,0.0
5,4,1.0,2,0.5,2,encounter,3.0,3.28,1.0,0.0,0.0
5,4,1.0,3,0.15,0,nat10,3.0,3.33,1.0,0.0,0.0
5,4,1.0,3,0.15,0,encounter,3.0,2.91,0.999,0.001,0.0
5,4,1.0,3,0.15,1,nat10,5.0,5,1.0,0.0,0.0
5,4,1.0,3,0.15,1,encounter,5.0,5,1.0,0.0,0.0
5,4,1.0,3,0.15,2,nat10,3.0,3.5,1.0,0.0,0.0
5,4,1.0,3,0.15,2,encounter,3.0,3.21,1.0,0.0,0.0
5,4,1.0,3,0.3,0,nat10,3.0,3.42,1.0,0.0,0.0
5,4,1.0,3,0.3,0,encounter,3.0,2.95,0.999,0.001,0.0
5,4,1.0,3,0.3,1,nat10,5.0,5,1.0,0.0,0.0
5,4,1.0,3,0.3,1,encounter,5.0,5,1.0,0.0,0.0
5,4,1.0,3,0.3,2,nat10,4.0,3.58,1.0,0.0,0.0
5,4,1.0,3,0.3,2,encounter,3.0,3.24,1.0,0.0,0.0
5,4,1.0,3,0.5,0,nat10,3.0,3.53,1.0,0.0,0.0
5,4,1.0,3,0.5,0,encounter,3.0,3.0,0.999,0.001,0.0
5,4,1.0,3,0.5,1,nat10,5.0,5,1.0,0.0,0.0
5,4,1.0,3,0.5,1,encounter,5.0,5,1.0,0.0,0.0
5,4,1.0,3,0.5,2,nat10,4.0,3.68,1.0,0.0,0.0
5,4,1.0,3,0.5,2,encounter,3.0,3.29,1.0,0.0,0.0
5,6,0.5,1,0.15,0,nat10,3.0,2.92,0.988,0.007,0.005
5,6,0.5,1,0.15,0,encounter,2.0,2.37,0.946,0.053,0.001
5,6,0.5,1,0.15,1,nat10,5.0,5.21,0.814,0.0,0.186
5,6,0.5,1,0.15,1,encounter,5.0,5.1,0.904,0.0,0.096
5,6,0.5,1,0.15,2,nat10,3.0,3.36,0.995,0.0,0.005
5,6,0.5,1,0.15,2,encounter,3.0,3.14,0.999,0.0,0.001
5,6,0.5,1,0.3,0,nat10,3.0,3.14,0.974,0.007,0.019
5,6,0.5,1,0.3,0,encounter,2.0,2.49,0.951,0.048,0.002
5,6,0.5,1,0.3,1,nat10,5.0,5.43,0.668,0.0,0.332
5,6,0.5,1,0.3,1,encounter,5.0,5.2,0.821,0.0,0.179
5,6,0.5,1,0.3,2,nat10,3.0,3.57,0.978,0.0,0.022
5,6,0.5,1,0.3,2,encounter,3.0,3.24,0.998,0.0,0.002
5,6,0.5,1,0.5,0,nat10,3.0,3.51,0.942,0.004,0.055
5,6,0.5,1,0.5,0,encounter,3.0,2.7,0.957,0.036,0.007
5,6,0.5,1,0.5,1,nat10,6,5.74,0.491,0.0,0.508
5,6,0.5,1,0.5,1,encounter,5.0,5.35,0.709,0.0,0.291
5,6,0.5,1,0.5,2,nat10,4.0,3.91,0.93,0.0,0.07
5,6,0.5,1,0.5,2,encounter,3.0,3.38,0.99,0.0,0.011
5,6,0.5,2,0.15,0,nat10,4.0,3.82,0.907,0.001,0.092
5,6,0.5,2,0.15,0,encounter,3.0,2.86,0.987,0.008,0.005
5,6,0.5,2,0.15,1,nat10,6,5.98,0.361,0.0,0.638
5,6,0.5,2,0.15,1,encounter,5.0,5.46,0.631,0.0,0.369
5,6,0.5,2,0.15,2,nat10,4.0,4.19,0.879,0.0,0.12
5,6,0.5,2,0.15,2,encounter,3.0,3.52,0.986,0.0,0.014
5,6,0.5,2,0.3,0,nat10,4.0,3.99,0.869,0.001,0.13
5,6,0.5,2,0.3,0,encounter,3.0,2.94,0.985,0.008,0.007
5,6,0.5,2,0.3,1,nat10,6,6.12,0.334,0.0,0.666
5,6,0.5,2,0.3,1,encounter,5.0,5.51,0.608,0.0,0.393
5,6,0.5,2,0.3,2,nat10,4.0,4.35,0.836,0.0,0.165
5,6,0.5,2,0.3,2,encounter,3.0,3.58,0.98,0.0,0.021
5,6,0.5,2,0.5,0,nat10,4,4.21,0.817,0.001,0.182
5,6,0.5,2,0.5,0,encounter,3.0,3.06,0.974,0.008,0.018
5,6,0.5,2,0.5,1,nat10,6.0,6.26,0.303,0.0,0.697
5,6,0.5,2,0.5,1,encounter,5,5.57,0.574,0.0,0.426
5,6,0.5,2,0.5,2,nat10,4,4.54,0.782,0.0,0.218
5,6,0.5,2,0.5,2,encounter,3.0,3.66,0.97,0.0,0.03
5,6,0.5,3,0.15,0,nat10,4,4.18,0.809,0.001,0.191
5,6,0.5,3,0.15,0,encounter,3.0,3.09,0.972,0.009,0.019
5,6,0.5,3,0.15,1,nat10,6.0,6.3,0.277,0.0,0.723
5,6,0.5,3,0.15,1,encounter,5.0,5.59,0.543,0.0,0.457
5,6,0.5,3,0.15,2,nat10,4,4.51,0.771,0.0,0.229
5,6,0.5,3,0.15,2,encounter,3.0,3.62,0.966,0.0,0.035
5,6,0.5,3,0.3,0,nat10,4,4.3,0.785,0.001,0.214
5,6,0.5,3,0.3,0,encounter,3.0,3.14,0.966,0.009,0.025
5,6,0.5,3,0.3,1,nat10,6,6.37,0.263,0.0,0.738
5,6,0.5,3,0.3,1,encounter,5.0,5.62,0.532,0.0,0.468
5,6,0.5,3,0.3,2,nat10,4,4.62,0.748,0.0,0.253
5,6,0.5,3,0.3,2,encounter,3.0,3.65,0.96,0.0,0.04
5,6,0.5,3,0.5,0,nat10,4.0,4.47,0.755,0.001,0.244
5,6,0.5,3,0.5,0,encounter,3.0,3.2,0.961,0.009,0.029
5,6,0.5,3,0.5,1,nat10,6,6.47,0.245,0.0,0.754
5,6,0.5,3,0.5,1,encounter,5,5.67,0.518,0.0,0.482
5,6,0.5,3,0.5,2,nat10,5.0,4.77,0.718,0.0,0.282
5,6,0.5,3,0.5,2,encounter,3.0,3.7,0.954,0.0,0.046
5,6,1.0,1,0.15,0,nat10,2.0,2.39,0.986,0.015,0.0
5,6,1.0,1,0.15,0,encounter,2.0,2.05,0.908,0.091,0.0
5,6,1.0,1,0.15,1,nat10,5.0,5,1.0,0.0,0.0
5,6,1.0,1,0.15,1,encounter,5.0,5,1.0,0.0,0.0
5,6,1.0,1,0.15,2,nat10,3.0,3.02,1.0,0.0,0.0
5,6,1.0,1,0.15,2,encounter,3.0,3.01,1.0,0.0,0.0
5,6,1.0,1,0.3,0,nat10,2.0,2.52,0.988,0.013,0.0
5,6,1.0,1,0.3,0,encounter,2.0,2.12,0.917,0.083,0.0
5,6,1.0,1,0.3,1,nat10,5.0,5,1.0,0.0,0.0
5,6,1.0,1,0.3,1,encounter,5.0,5,1.0,0.0,0.0
5,6,1.0,1,0.3,2,nat10,3.0,3.07,1.0,0.0,0.0
5,6,1.0,1,0.3,2,encounter,3.0,3.02,1.0,0.0,0.0
5,6,1.0,1,0.5,0,nat10,3.0,2.72,0.992,0.009,0.0
5,6,1.0,1,0.5,0,encounter,2.0,2.25,0.936,0.064,0.0
5,6,1.0,1,0.5,1,nat10,5.0,5,1.0,0.0,0.0
5,6,1.0,1,0.5,1,encounter,5.0,5,1.0,0.0,0.0
5,6,1.0,1,0.5,2,nat10,3.0,3.18,1.0,0.0,0.0
5,6,1.0,1,0.5,2,encounter,3.0,3.05,1.0,0.0,0.0
5,6,1.0,2,0.15,0,nat10,3.0,2.92,0.999,0.001,0.0
5,6,1.0,2,0.15,0,encounter,2.0,2.36,0.986,0.014,0.0
5,6,1.0,2,0.15,1,nat10,5.0,5,1.0,0.0,0.0
5,6,1.0,2,0.15,1,encounter,5.0,5,1.0,0.0,0.0
5,6,1.0,2,0.15,2,nat10,3.0,3.35,1.0,0.0,0.0
5,6,1.0,2,0.15,2,encounter,3.0,3.09,1.0,0.0,0.0
5,6,1.0,2,0.3,0,nat10,3.0,3.01,0.999,0.001,0.0
5,6,1.0,2,0.3,0,encounter,2.0,2.42,0.986,0.014,0.0
5,6,1.0,2,0.3,1,nat10,5.0,5,1.0,0.0,0.0
5,6,1.0,2,0.3,1,encounter,5.0,5,1.0,0.0,0.0
5,6,1.0,2,0.3,2,nat10,3.0,3.4,1.0,0.0,0.0
5,6,1.0,2,0.3,2,encounter,3.0,3.11,1.0,0.0,0.0
5,6,1.0,2,0.5,0,nat10,3.0,3.13,0.999,0.001,0.0
5,6,1.0,2,0.5,0,encounter,2.0,2.49,0.986,0.014,0.0
5,6,1.0,2,0.5,1,nat10,5.0,5,1.0,0.0,0.0
5,6,1.0,2,0.5,1,encounter,5.0,5,1.0,0.0,0.0
5,6,1.0,2,0.5,2,nat10,3.0,3.47,1.0,0.0,0.0
5,6,1.0,2,0.5,2,encounter,3.0,3.13,1.0,0.0,0.0
5,6,1.0,3,0.15,0,nat10,3.0,3.1,0.999,0.001,0.0
5,6,1.0,3,0.15,0,encounter,3.0,2.59,0.985,0.015,0.0
5,6,1.0,3,0.15,1,nat10,5.0,5,1.0,0.0,0.0
5,6,1.0,3,0.15,1,encounter,5.0,5,1.0,0.0,0.0
5,6,1.0,3,0.15,2,nat10,3.0,3.35,1.0,0.0,0.0
5,6,1.0,3,0.15,2,encounter,3.0,3.08,1.0,0.0,0.0
5,6,1.0,3,0.3,0,nat10,3.0,3.16,0.999,0.001,0.0
5,6,1.0,3,0.3,0,encounter,3.0,2.6,0.985,0.015,0.0
5,6,1.0,3,0.3,1,nat10,5.0,5,1.0,0.0,0.0
5,6,1.0,3,0.3,1,encounter,5.0,5,1.0,0.0,0.0
5,6,1.0,3,0.3,2,nat10,3.0,3.4,1.0,0.0,0.0
5,6,1.0,3,0.3,2,encounter,3.0,3.1,1.0,0.0,0.0
5,6,1.0,3,0.5,0,nat10,3.0,3.24,0.999,0.001,0.0
5,6,1.0,3,0.5,0,encounter,3.0,2.62,0.985,0.015,0.0
5,6,1.0,3,0.5,1,nat10,5.0,5,1.0,0.0,0.0
5,6,1.0,3,0.5,1,encounter,5.0,5,1.0,0.0,0.0
5,6,1.0,3,0.5,2,nat10,3.0,3.47,1.0,0.0,0.0
5,6,1.0,3,0.5,2,encounter,3.0,3.12,1.0,0.0,0.0
5,10,0.5,1,0.15,0,nat10,2.0,2.55,0.96,0.04,0.001
5,10,0.5,1,0.15,0,encounter,2.0,1.94,0.795,0.205,0.0
5,10,0.5,1,0.15,1,nat10,5.0,5.13,0.874,0.0,0.127
5,10,0.5,1,0.15,1,encounter,5.0,5.04,0.962,0.0,0.038
5,10,0.5,1,0.15,2,nat10,3.0,3.2,0.999,0.0,0.002
5,10,0.5,1,0.15,2,encounter,3.0,3.04,1.0,0.0,0.0
5,10,0.5,1,0.3,0,nat10,3.0,2.7,0.966,0.033,0.002
5,10,0.5,1,0.3,0,encounter,2.0,2.02,0.818,0.182,0.0
5,10,0.5,1,0.3,1,nat10,5.0,5.28,0.757,0.0,0.242
5,10,0.5,1,0.3,1,encounter,5.0,5.08,0.927,0.0,0.073
5,10,0.5,1,0.3,2,nat10,3.0,3.34,0.995,0.0,0.005
5,10,0.5,1,0.3,2,encounter,3.0,3.07,1.0,0.0,0.0
5,10,0.5,1,0.5,0,nat10,3.0,2.95,0.963,0.022,0.015
5,10,0.5,1,0.5,0,encounter,2.0,2.13,0.847,0.153,0.0
5,10,0.5,1,0.5,1,nat10,5.0,5.49,0.632,0.0,0.368
5,10,0.5,1,0.5,1,encounter,5.0,5.13,0.876,0.0,0.124
5,10,0.5,1,0.5,2,nat10,3.0,3.56,0.976,0.0,0.024
5,10,0.5,1,0.5,2,encounter,3.0,3.12,1.0,0.0,0.0
5,10,0.5,2,0.15,0,nat10,3.0,3.09,0.971,0.009,0.019
5,10,0.5,2,0.15,0,encounter,2.0,2.2,0.921,0.079,0.0
5,10,0.5,2,0.15,1,nat10,5.0,5.64,0.523,0.0,0.476
5,10,0.5,2,0.15,1,encounter,5.0,5.2,0.822,0.0,0.178
5,10,0.5,2,0.15,2,nat10,4.0,3.7,0.965,0.0,0.035
5,10,0.5,2,0.15,2,encounter,3.0,3.19,0.999,0.0,0.001
5,10,0.5,2,0.3,0,nat10,3.0,3.21,0.96,0.009,0.03
5,10,0.5,2,0.3,0,encounter,2.0,2.24,0.92,0.079,0.001
5,10,0.5,2,0.3,1,nat10,5.0,5.71,0.502,0.0,0.497
5,10,0.5,2,0.3,1,encounter,5.0,5.21,0.812,0.0,0.188
5,10,0.5,2,0.3,2,nat10,4.0,3.76,0.953,0.0,0.047
5,10,0.5,2,0.3,2,encounter,3.0,3.21,0.999,0.0,0.002
5,10,0.5,2,0.5,0,nat10,3.0,3.35,0.946,0.009,0.044
5,10,0.5,2,0.5,0,encounter,2.0,2.3,0.92,0.079,0.001
5,10,0.5,2,0.5,1,nat10,6,5.81,0.465,0.0,0.535
5,10,0.5,2,0.5,1,encounter,5.0,5.24,0.795,0.0,0.205
5,10,0.5,2,0.5,2,nat10,4.0,3.88,0.934,0.0,0.066
5,10,0.5,2,0.5,2,encounter,3.0,3.22,0.998,0.0,0.002
5,10,0.5,3,0.15,0,nat10,3.0,3.4,0.936,0.009,0.054
5,10,0.5,3,0.15,0,encounter,2.0,2.41,0.922,0.077,0.001
5,10,0.5,3,0.15,1,nat10,6.0,5.78,0.454,0.0,0.546
5,10,0.5,3,0.15,1,encounter,5.0,5.24,0.785,0.0,0.214
5,10,0.5,3,0.15,2,nat10,4.0,3.85,0.922,0.0,0.077
5,10,0.5,3,0.15,2,encounter,3.0,3.21,0.997,0.0,0.003
5,10,0.5,3,0.3,0,nat10,3,3.46,0.928,0.009,0.062
5,10,0.5,3,0.3,0,encounter,2.0,2.42,0.921,0.077,0.002
5,10,0.5,3,0.3,1,nat10,6.0,5.84,0.44,0.0,0.56
5,10,0.5,3,0.3,1,encounter,5.0,5.25,0.776,0.0,0.224
5,10,0.5,3,0.3,2,nat10,4,3.91,0.912,0.0,0.088
5,10,0.5,3,0.3,2,encounter,3.0,3.23,0.996,0.0,0.004
5,10,0.5,3,0.5,0,nat10,3,3.54,0.918,0.009,0.072
5,10,0.5,3,0.5,0,encounter,2.0,2.44,0.921,0.077,0.002
5,10,0.5,3,0.5,1,nat10,6,5.89,0.423,0.0,0.577
5,10,0.5,3,0.5,1,encounter,5.0,5.26,0.769,0.0,0.231
5,10,0.5,3,0.5,2,nat10,4,3.99,0.9,0.0,0.1
5,10,0.5,3,0.5,2,encounter,3.0,3.25,0.995,0.0,0.005
5,10,1.0,1,0.15,0,nat10,2.0,2.14,0.935,0.065,0.0
5,10,1.0,1,0.15,0,encounter,2.0,1.72,0.696,0.304,0.0
5,10,1.0,1,0.15,1,nat10,5.0,5,1.0,0.0,0.0
5,10,1.0,1,0.15,1,encounter,5.0,5,1.0,0.0,0.0
5,10,1.0,1,0.15,2,nat10,3.0,3.01,1.0,0.0,0.0
5,10,1.0,1,0.15,2,encounter,3.0,3.0,1.0,0.0,0.0
5,10,1.0,1,0.3,0,nat10,2.0,2.25,0.944,0.056,0.0
5,10,1.0,1,0.3,0,encounter,2.0,1.78,0.726,0.274,0.0
5,10,1.0,1,0.3,1,nat10,5.0,5,1.0,0.0,0.0
5,10,1.0,1,0.3,1,encounter,5.0,5,1.0,0.0,0.0
5,10,1.0,1,0.3,2,nat10,3.0,3.03,1.0,0.0,0.0
5,10,1.0,1,0.3,2,encounter,3.0,3.0,1.0,0.0,0.0
5,10,1.0,1,0.5,0,nat10,2.0,2.4,0.96,0.041,0.0
5,10,1.0,1,0.5,0,encounter,2.0,1.87,0.767,0.233,0.0
5,10,1.0,1,0.5,1,nat10,5.0,5,1.0,0.0,0.0
5,10,1.0,1,0.5,1,encounter,5.0,5,1.0,0.0,0.0
5,10,1.0,1,0.5,2,nat10,3.0,3.09,1.0,0.0,0.0
5,10,1.0,1,0.5,2,encounter,3.0,3.01,1.0,0.0,0.0
5,10,1.0,2,0.15,0,nat10,2.0,2.49,0.986,0.015,0.0
5,10,1.0,2,0.15,0,encounter,2.0,1.97,0.872,0.128,0.0
5,10,1.0,2,0.15,1,nat10,5.0,5,1.0,0.0,0.0
5,10,1.0,2,0.15,1,encounter,5.0,5,1.0,0.0,0.0
5,10,1.0,2,0.15,2,nat10,3.0,3.15,1.0,0.0,0.0
5,10,1.0,2,0.15,2,encounter,3.0,3.02,1.0,0.0,0.0
5,10,1.0,2,0.3,0,nat10,2.0,2.55,0.986,0.015,0.0
5,10,1.0,2,0.3,0,encounter,2.0,1.98,0.872,0.128,0.0
5,10,1.0,2,0.3,1,nat10,5.0,5,1.0,0.0,0.0
5,10,1.0,2,0.3,1,encounter,5.0,5,1.0,0.0,0.0
5,10,1.0,2,0.3,2,nat10,3.0,3.17,1.0,0.0,0.0
5,10,1.0,2,0.3,2,encounter,3.0,3.02,1.0,0.0,0.0
5,10,1.0,2,0.5,0,nat10,3.0,2.64,0.986,0.015,0.0
5,10,1.0,2,0.5,0,encounter,2.0,2.01,0.872,0.128,0.0
5,10,1.0,2,0.5,1,nat10,5.0,5,1.0,0.0,0.0
5,10,1.0,2,0.5,1,encounter,5.0,5,1.0,0.0,0.0
5,10,1.0,2,0.5,2,nat10,3.0,3.2,1.0,0.0,0.0
5,10,1.0,2,0.5,2,encounter,3.0,3.03,1.0,0.0,0.0
5,10,1.0,3,0.15,0,nat10,3.0,2.74,0.986,0.015,0.0
5,10,1.0,3,0.15,0,encounter,2.0,2.09,0.88,0.12,0.0
5,10,1.0,3,0.15,1,nat10,5.0,5,1.0,0.0,0.0
5,10,1.0,3,0.15,1,encounter,5.0,5,1.0,0.0,0.0
5,10,1.0,3,0.15,2,nat10,3.0,3.15,1.0,0.0,0.0
5,10,1.0,3,0.15,2,encounter,3.0,3.01,1.0,0.0,0.0
5,10,1.0,3,0.3,0,nat10,3.0,2.76,0.986,0.015,0.0
5,10,1.0,3,0.3,0,encounter,2.0,2.09,0.88,0.12,0.0
5,10,1.0,3,0.3,1,nat10,5.0,5,1.0,0.0,0.0
5,10,1.0,3,0.3,1,encounter,5.0,5,1.0,0.0,0.0
5,10,1.0,3,0.3,2,nat10,3.0,3.17,1.0,0.0,0.0
5,10,1.0,3,0.3,2,encounter,3.0,3.02,1.0,0.0,0.0
5,10,1.0,3,0.5,0,nat10,3.0,2.8,0.986,0.015,0.0
5,10,1.0,3,0.5,0,encounter,2.0,2.09,0.88,0.12,0.0
5,10,1.0,3,0.5,1,nat10,5.0,5,1.0,0.0,0.0
5,10,1.0,3,0.5,1,encounter,5.0,5,1.0,0.0,0.0
5,10,1.0,3,0.5,2,nat10,3.0,3.21,1.0,0.0,0.0
5,10,1.0,3,0.5,2,encounter,3.0,3.02,1.0,0.0,0.0
6,4,0.5,1,0.15,0,nat10,4.0,3.8,0.954,0.0,0.046
6,4,0.5,1,0.15,0,encounter,3.0,3.2,0.991,0.001,0.009
6,4,0.5,1,0.15,1,nat10,6.0,6.34,0.0,0.0,1.0
6,4,0.5,1,0.15,1,encounter,6.0,6.21,0.0,0.0,1.0
6,4,0.5,1,0.15,2,nat10,4.0,4.13,0.943,0.0,0.058
6,4,0.5,1,0.15,2,encounter,4.0,3.75,0.985,0.0,0.015
6,4,0.5,1,0.3,0,nat10,4,4.13,0.889,0.0,0.111
6,4,0.5,1,0.3,0,encounter,3.0,3.41,0.975,0.001,0.025
6,4,0.5,1,0.3,1,nat10,6.0,6.65,0.0,0.0,1.0
6,4,0.5,1,0.3,1,encounter,6.0,6.42,0.0,0.0,1.0
6,4,0.5,1,0.3,2,nat10,4,4.46,0.862,0.0,0.138
6,4,0.5,1,0.3,2,encounter,4.0,3.95,0.958,0.0,0.042
6,4,0.5,1,0.5,0,nat10,5.0,4.7,0.743,0.0,0.258
6,4,0.5,1,0.5,0,encounter,4,3.77,0.922,0.001,0.077
6,4,0.5,1,0.5,1,nat10,7,7.13,0.0,0.0,1.0
6,4,0.5,1,0.5,1,encounter,7,6.72,0.0,0.0,1.0
6,4,0.5,1,0.5,2,nat10,5.0,5.01,0.689,0.0,0.311
6,4,0.5,1,0.5,2,encounter,4,4.31,0.881,0.0,0.119
6,4,0.5,2,0.15,0,nat10,5.0,5.01,0.646,0.0,0.353
6,4,0.5,2,0.15,0,encounter,4.0,3.98,0.896,0.0,0.104
6,4,0.5,2,0.15,1,nat10,7.0,7.44,0.0,0.0,1.0
6,4,0.5,2,0.15,1,encounter,7,6.88,0.0,0.0,1.0
6,4,0.5,2,0.15,2,nat10,5.0,5.35,0.561,0.0,0.439
6,4,0.5,2,0.15,2,encounter,4.0,4.51,0.824,0.0,0.176
6,4,0.5,2,0.3,0,nat10,5.0,5.26,0.573,0.0,0.427
6,4,0.5,2,0.3,0,encounter,4.0,4.12,0.866,0.0,0.135
6,4,0.5,2,0.3,1,nat10,7.0,7.57,0.0,0.0,1.0
6,4,0.5,2,0.3,1,encounter,7.0,6.99,0.0,0.0,1.0
6,4,0.5,2,0.3,2,nat10,5.0,5.58,0.5,0.0,0.5
6,4,0.5,2,0.3,2,encounter,4.0,4.64,0.782,0.0,0.217
6,4,0.5,2,0.5,0,nat10,6.0,5.63,0.476,0.0,0.524
6,4,0.5,2,0.5,0,encounter,4.0,4.33,0.817,0.0,0.183
6,4,0.5,2,0.5,1,nat10,8.0,7.75,0.0,0.0,1.0
6,4,0.5,2,0.5,1,encounter,7,7.12,0.0,0.0,1.0
6,4,0.5,2,0.5,2,nat10,6,5.9,0.41,0.0,0.59
6,4,0.5,2,0.5,2,encounter,5.0,4.82,0.737,0.0,0.264
6,4,0.5,3,0.15,0,nat10,6.0,5.61,0.444,0.0,0.556
6,4,0.5,3,0.15,0,encounter,4.0,4.34,0.803,0.0,0.197
6,4,0.5,3,0.15,1,nat10,8.0,7.71,0.0,0.0,1.0
6,4,0.5,3,0.15,1,encounter,7,7.04,0.0,0.0,1.0
6,4,0.5,3,0.15,2,nat10,6,5.9,0.375,0.0,0.625
6,4,0.5,3,0.15,2,encounter,5.0,4.81,0.725,0.0,0.276
6,4,0.5,3,0.3,0,nat10,6.0,5.77,0.408,0.0,0.592
6,4,0.5,3,0.3,0,encounter,4.0,4.44,0.783,0.0,0.217
6,4,0.5,3,0.3,1,nat10,8,7.77,0.0,0.0,1.0
6,4,0.5,3,0.3,1,encounter,7.0,7.09,0.0,0.0,1.0
6,4,0.5,3,0.3,2,nat10,6,6.04,0.346,0.0,0.654
6,4,0.5,3,0.3,2,encounter,5.0,4.9,0.704,0.0,0.296
6,4,0.5,3,0.5,0,nat10,6.0,6.0,0.359,0.0,0.64
6,4,0.5,3,0.5,0,encounter,4.0,4.6,0.745,0.0,0.255
6,4,0.5,3,0.5,1,nat10,8.0,7.86,0.0,0.0,1.0
6,4,0.5,3,0.5,1,encounter,7.0,7.17,0.0,0.0,1.0
6,4,0.5,3,0.5,2,nat10,6.0,6.25,0.307,0.0,0.693
6,4,0.5,3,0.5,2,encounter,5.0,5.02,0.672,0.0,0.328
6,4,1.0,1,0.15,0,nat10,3.0,3.02,1.0,0.0,0.0
6,4,1.0,1,0.15,0,encounter,3.0,2.65,0.999,0.001,0.0
6,4,1.0,1,0.15,1,nat10,6.0,6,0.0,0.0,1.0
6,4,1.0,1,0.15,1,encounter,6.0,6,0.0,0.0,1.0
6,4,1.0,1,0.15,2,nat10,3.0,3.29,1.0,0.0,0.0
6,4,1.0,1,0.15,2,encounter,3.0,3.19,1.0,0.0,0.0
6,4,1.0,1,0.3,0,nat10,3.0,3.22,1.0,0.0,0.0
6,4,1.0,1,0.3,0,encounter,3.0,2.79,1.0,0.001,0.0
6,4,1.0,1,0.3,1,nat10,6.0,6,0.0,0.0,1.0
6,4,1.0,1,0.3,1,encounter,6.0,6,0.0,0.0,1.0
6,4,1.0,1,0.3,2,nat10,4.0,3.53,1.0,0.0,0.0
6,4,1.0,1,0.3,2,encounter,3.0,3.34,1.0,0.0,0.0
6,4,1.0,1,0.5,0,nat10,3.0,3.51,0.996,0.0,0.004
6,4,1.0,1,0.5,0,encounter,3.0,3.0,0.999,0.001,0.001
6,4,1.0,1,0.5,1,nat10,6.0,6,0.0,0.0,1.0
6,4,1.0,1,0.5,1,encounter,6.0,6,0.0,0.0,1.0
6,4,1.0,1,0.5,2,nat10,4.0,3.83,0.996,0.0,0.004
6,4,1.0,1,0.5,2,encounter,4.0,3.54,1.0,0.0,0.001
6,4,1.0,2,0.15,0,nat10,4.0,3.73,0.998,0.0,0.003
6,4,1.0,2,0.15,0,encounter,3.0,3.15,0.999,0.0,0.001
6,4,1.0,2,0.15,1,nat10,6.0,6,0.0,0.0,1.0
6,4,1.0,2,0.15,1,encounter,6.0,6,0.0,0.0,1.0
6,4,1.0,2,0.15,2,nat10,4.0,3.98,0.998,0.0,0.003
6,4,1.0,2,0.15,2,encounter,4.0,3.7,0.999,0.0,0.001
6,4,1.0,2,0.3,0,nat10,4.0,3.84,0.99,0.0,0.01
6,4,1.0,2,0.3,0,encounter,3.0,3.23,0.998,0.0,0.002
6,4,1.0,2,0.3,1,nat10,6.0,6,0.0,0.0,1.0
6,4,1.0,2,0.3,1,encounter,6.0,6,0.0,0.0,1.0
6,4,1.0,2,0.3,2,nat10,4.0,4.08,0.99,0.0,0.01
6,4,1.0,2,0.3,2,encounter,4.0,3.74,0.998,0.0,0.002
6,4,1.0,2,0.5,0,nat10,4.0,4.01,0.971,0.0,0.029
6,4,1.0,2,0.5,0,encounter,3.0,3.36,0.997,0.0,0.004
6,4,1.0,2,0.5,1,nat10,6.0,6,0.0,0.0,1.0
6,4,1.0,2,0.5,1,encounter,6.0,6,0.0,0.0,1.0
6,4,1.0,2,0.5,2,nat10,4.0,4.23,0.971,0.0,0.029
6,4,1.0,2,0.5,2,encounter,4.0,3.82,0.997,0.0,0.004
6,4,1.0,3,0.15,0,nat10,4.0,3.94,0.981,0.0,0.019
6,4,1.0,3,0.15,0,encounter,3.0,3.31,0.999,0.0,0.002
6,4,1.0,3,0.15,1,nat10,6.0,6,0.0,0.0,1.0
6,4,1.0,3,0.15,1,encounter,6.0,6,0.0,0.0,1.0
6,4,1.0,3,0.15,2,nat10,4.0,4.24,0.981,0.0,0.019
6,4,1.0,3,0.15,2,encounter,4.0,3.77,0.999,0.0,0.002
6,4,1.0,3,0.3,0,nat10,4.0,4.05,0.961,0.0,0.039
6,4,1.0,3,0.3,0,encounter,3.0,3.38,0.997,0.0,0.004
6,4,1.0,3,0.3,1,nat10,6.0,6,0.0,0.0,1.0
6,4,1.0,3,0.3,1,encounter,6.0,6,0.0,0.0,1.0
6,4,1.0,3,0.3,2,nat10,4.0,4.32,0.961,0.0,0.039
6,4,1.0,3,0.3,2,encounter,4.0,3.82,0.997,0.0,0.004
6,4,1.0,3,0.5,0,nat10,4.0,4.19,0.936,0.0,0.064
6,4,1.0,3,0.5,0,encounter,3.0,3.46,0.994,0.0,0.006
6,4,1.0,3,0.5,1,nat10,6.0,6,0.0,0.0,1.0
6,4,1.0,3,0.5,1,encounter,6.0,6,0.0,0.0,1.0
6,4,1.0,3,0.5,2,nat10,4.0,4.43,0.936,0.0,0.064
6,4,1.0,3,0.5,2,encounter,4.0,3.87,0.994,0.0,0.006
6,6,0.5,1,0.15,0,nat10,3.0,3.42,0.983,0.001,0.017
6,6,0.5,1,0.15,0,encounter,3.0,2.75,0.99,0.009,0.002
6,6,0.5,1,0.15,1,nat10,6.0,6.25,0.0,0.0,1.0
6,6,0.5,1,0.15,1,encounter,6.0,6.12,0.0,0.0,1.0
6,6,0.5,1,0.15,2,nat10,4.0,3.89,0.977,0.0,0.024
6,6,0.5,1,0.15,2,encounter,3.0,3.51,0.998,0.0,0.003
6,6,0.5,1,0.3,0,nat10,4.0,3.69,0.946,0.001,0.053
6,6,0.5,1,0.3,0,encounter,3.0,2.91,0.988,0.007,0.004
6,6,0.5,1,0.3,1,nat10,6.0,6.52,0.0,0.0,1.0
6,6,0.5,1,0.3,1,encounter,6.0,6.24,0.0,0.0,1.0
6,6,0.5,1,0.3,2,nat10,4.0,4.17,0.92,0.0,0.08
6,6,0.5,1,0.3,2,encounter,4.0,3.66,0.988,0.0,0.013
6,6,0.5,1,0.5,0,nat10,4.0,4.14,0.865,0.001,0.135
6,6,0.5,1,0.5,0,encounter,3.0,3.16,0.976,0.005,0.019
6,6,0.5,1,0.5,1,nat10,7.0,6.91,0.0,0.0,1.0
6,6,0.5,1,0.5,1,encounter,6.0,6.43,0.0,0.0,1.0
6,6,0.5,1,0.5,2,nat10,4.0,4.59,0.816,0.0,0.184
6,6,0.5,1,0.5,2,encounter,4.0,3.88,0.958,0.0,0.043
6,6,0.5,2,0.15,0,nat10,4,4.49,0.773,0.0,0.227
6,6,0.5,2,0.15,0,encounter,3.0,3.34,0.98,0.0,0.02
6,6,0.5,2,0.15,1,nat10,7.0,7.11,0.0,0.0,1.0
6,6,0.5,2,0.15,1,encounter,6.0,6.5,0.0,0.0,1.0
6,6,0.5,2,0.15,2,nat10,5,4.92,0.69,0.0,0.31
6,6,0.5,2,0.15,2,encounter,4.0,4.04,0.947,0.0,0.053
6,6,0.5,2,0.3,0,nat10,4.0,4.7,0.721,0.0,0.279
6,6,0.5,2,0.3,0,encounter,3.0,3.44,0.966,0.0,0.034
6,6,0.5,2,0.3,1,nat10,7,7.23,0.0,0.0,1.0
6,6,0.5,2,0.3,1,encounter,6.0,6.56,0.0,0.0,1.0
6,6,0.5,2,0.3,2,nat10,5.0,5.11,0.636,0.0,0.364
6,6,0.5,2,0.3,2,encounter,4.0,4.12,0.925,0.0,0.074
6,6,0.5,2,0.5,0,nat10,5,4.98,0.652,0.0,0.347
6,6,0.5,2,0.5,0,encounter,4.0,3.58,0.949,0.0,0.051
6,6,0.5,2,0.5,1,nat10,7.0,7.4,0.0,0.0,1.0
6,6,0.5,2,0.5,1,encounter,6.0,6.65,0.0,0.0,1.0
6,6,0.5,2,0.5,2,nat10,5,5.36,0.565,0.0,0.435
6,6,0.5,2,0.5,2,encounter,4.0,4.24,0.9,0.0,0.1
6,6,0.5,3,0.15,0,nat10,5,4.92,0.649,0.0,0.35
6,6,0.5,3,0.15,0,encounter,3.0,3.55,0.944,0.001,0.055
6,6,0.5,3,0.15,1,nat10,7,7.43,0.0,0.0,1.0
6,6,0.5,3,0.15,1,encounter,6.0,6.67,0.0,0.0,1.0
6,6,0.5,3,0.15,2,nat10,5,5.37,0.55,0.0,0.45
6,6,0.5,3,0.15,2,encounter,4.0,4.22,0.886,0.0,0.114
6,6,0.5,3,0.3,0,nat10,5,5.06,0.618,0.0,0.382
6,6,0.5,3,0.3,0,encounter,3.0,3.62,0.936,0.001,0.062
6,6,0.5,3,0.3,1,nat10,7.0,7.5,0.0,0.0,1.0
6,6,0.5,3,0.3,1,encounter,6,6.71,0.0,0.0,1.0
6,6,0.5,3,0.3,2,nat10,5,5.48,0.527,0.0,0.472
6,6,0.5,3,0.3,2,encounter,4.0,4.27,0.878,0.0,0.122
6,6,0.5,3,0.5,0,nat10,5.0,5.25,0.577,0.0,0.423
6,6,0.5,3,0.5,0,encounter,3.0,3.72,0.922,0.001,0.076
6,6,0.5,3,0.5,1,nat10,7.0,7.59,0.0,0.0,1.0
6,6,0.5,3,0.5,1,encounter,7,6.77,0.0,0.0,1.0
6,6,0.5,3,0.5,2,nat10,6,5.64,0.494,0.0,0.505
6,6,0.5,3,0.5,2,encounter,4.0,4.35,0.865,0.0,0.135
6,6,1.0,1,0.15,0,nat10,3.0,2.79,0.999,0.001,0.0
6,6,1.0,1,0.15,0,encounter,2.0,2.35,0.984,0.017,0.0
6,6,1.0,1,0.15,1,nat10,6.0,6,0.0,0.0,1.0
6,6,1.0,1,0.15,1,encounter,6.0,6,0.0,0.0,1.0
6,6,1.0,1,0.15,2,nat10,3.0,3.23,1.0,0.0,0.0
6,6,1.0,1,0.15,2,encounter,3.0,3.12,1.0,0.0,0.0
6,6,1.0,1,0.3,0,nat10,3.0,2.96,0.999,0.001,0.0
6,6,1.0,1,0.3,0,encounter,2.0,2.45,0.986,0.015,0.0
6,6,1.0,1,0.3,1,nat10,6.0,6,0.0,0.0,1.0
6,6,1.0,1,0.3,1,encounter,6.0,6,0.0,0.0,1.0
6,6,1.0,1,0.3,2,nat10,3.0,3.41,1.0,0.0,0.0
6,6,1.0,1,0.3,2,encounter,3.0,3.22,1.0,0.0,0.0
6,6,1.0,1,0.5,0,nat10,3.0,3.21,1.0,0.001,0.0
6,6,1.0,1,0.5,0,encounter,3.0,2.61,0.99,0.011,0.0
6,6,1.0,1,0.5,1,nat10,6.0,6,0.0,0.0,1.0
6,6,1.0,1,0.5,1,encounter,6.0,6,0.0,0.0,1.0
6,6,1.0,1,0.5,2,nat10,4.0,3.67,1.0,0.0,0.0
6,6,1.0,1,0.5,2,encounter,3.0,3.36,1.0,0.0,0.0
6,6,1.0,2,0.15,0,nat10,4.0,3.47,0.999,0.0,0.002
6,6,1.0,2,0.15,0,encounter,3.0,2.75,1.0,0.001,0.0
6,6,1.0,2,0.15,1,nat10,6.0,6,0.0,0.0,1.0
6,6,1.0,2,0.15,1,encounter,6.0,6,0.0,0.0,1.0
6,6,1.0,2,0.15,2,nat10,4.0,3.87,0.999,0.0,0.002
6,6,1.0,2,0.15,2,encounter,3.0,3.49,1.0,0.0,0.0
6,6,1.0,2,0.3,0,nat10,4.0,3.56,0.995,0.0,0.005
6,6,1.0,2,0.3,0,encounter,3.0,2.81,1.0,0.001,0.0
6,6,1.0,2,0.3,1,nat10,6.0,6,0.0,0.0,1.0
6,6,1.0,2,0.3,1,encounter,6.0,6,0.0,0.0,1.0
6,6,1.0,2,0.3,2,nat10,4.0,3.95,0.995,0.0,0.005
6,6,1.0,2,0.3,2,encounter,4.0,3.52,1.0,0.0,0.0
6,6,1.0,2,0.5,0,nat10,4.0,3.7,0.985,0.0,0.015
6,6,1.0,2,0.5,0,encounter,3.0,2.89,1.0,0.001,0.0
6,6,1.0,2,0.5,1,nat10,6.0,6,0.0,0.0,1.0
6,6,1.0,2,0.5,1,encounter,6.0,6,0.0,0.0,1.0
6,6,1.0,2,0.5,2,nat10,4.0,4.04,0.985,0.0,0.015
6,6,1.0,2,0.5,2,encounter,4.0,3.57,1.0,0.0,0.0
6,6,1.0,3,0.15,0,nat10,3.0,3.59,0.991,0.0,0.009
6,6,1.0,3,0.15,0,encounter,3.0,2.92,0.999,0.001,0.0
6,6,1.0,3,0.15,1,nat10,6.0,6,0.0,0.0,1.0
6,6,1.0,3,0.15,1,encounter,6.0,6,0.0,0.0,1.0
6,6,1.0,3,0.15,2,nat10,4.0,4.01,0.991,0.0,0.009
6,6,1.0,3,0.15,2,encounter,3.0,3.5,1.0,0.0,0.0
6,6,1.0,3,0.3,0,nat10,4.0,3.68,0.985,0.0,0.015
6,6,1.0,3,0.3,0,encounter,3.0,2.95,0.999,0.001,0.0
6,6,1.0,3,0.3,1,nat10,6.0,6,0.0,0.0,1.0
6,6,1.0,3,0.3,1,encounter,6.0,6,0.0,0.0,1.0
6,6,1.0,3,0.3,2,nat10,4.0,4.07,0.985,0.0,0.015
6,6,1.0,3,0.3,2,encounter,3.0,3.52,1.0,0.0,0.0
6,6,1.0,3,0.5,0,nat10,4.0,3.79,0.974,0.0,0.026
6,6,1.0,3,0.5,0,encounter,3.0,2.99,0.999,0.001,0.001
6,6,1.0,3,0.5,1,nat10,6.0,6,0.0,0.0,1.0
6,6,1.0,3,0.5,1,encounter,6.0,6,0.0,0.0,1.0
6,6,1.0,3,0.5,2,nat10,4.0,4.15,0.974,0.0,0.026
6,6,1.0,3,0.5,2,encounter,4.0,3.56,1.0,0.0,0.001
6,10,0.5,1,0.15,0,nat10,3.0,2.96,0.992,0.004,0.004
6,10,0.5,1,0.15,0,encounter,2.0,2.25,0.936,0.064,0.0
6,10,0.5,1,0.15,1,nat10,6.0,6.16,0.0,0.0,1.0
6,10,0.5,1,0.15,1,encounter,6.0,6.05,0.0,0.0,1.0
6,10,0.5,1,0.15,2,nat10,4.0,3.64,0.994,0.0,0.006
6,10,0.5,1,0.15,2,encounter,3.0,3.23,1.0,0.0,0.0
6,10,0.5,1,0.3,0,nat10,3.0,3.16,0.986,0.004,0.011
6,10,0.5,1,0.3,0,encounter,2.0,2.32,0.944,0.057,0.0
6,10,0.5,1,0.3,1,nat10,6,6.34,0.0,0.0,1.0
6,10,0.5,1,0.3,1,encounter,6.0,6.1,0.0,0.0,1.0
6,10,0.5,1,0.3,2,nat10,4.0,3.83,0.973,0.0,0.028
6,10,0.5,1,0.3,2,encounter,3.0,3.32,0.998,0.0,0.002
6,10,0.5,1,0.5,0,nat10,3.0,3.45,0.96,0.003,0.037
6,10,0.5,1,0.5,0,encounter,2.0,2.46,0.956,0.044,0.0
6,10,0.5,1,0.5,1,nat10,6.0,6.6,0.0,0.0,1.0
6,10,0.5,1,0.5,1,encounter,6.0,6.17,0.0,0.0,1.0
6,10,0.5,1,0.5,2,nat10,4.0,4.11,0.933,0.0,0.067
6,10,0.5,1,0.5,2,encounter,3.0,3.44,0.997,0.0,0.004
6,10,0.5,2,0.15,0,nat10,4.0,3.63,0.947,0.001,0.053
6,10,0.5,2,0.15,0,encounter,2.0,2.53,0.977,0.022,0.001
6,10,0.5,2,0.15,1,nat10,6.0,6.73,0.0,0.0,1.0
6,10,0.5,2,0.15,1,encounter,6.0,6.21,0.0,0.0,1.0
6,10,0.5,2,0.15,2,nat10,4.0,4.28,0.894,0.0,0.105
6,10,0.5,2,0.15,2,encounter,3.0,3.53,0.993,0.0,0.007
6,10,0.5,2,0.3,0,nat10,4.0,3.74,0.923,0.001,0.076
6,10,0.5,2,0.3,0,encounter,2.0,2.58,0.977,0.022,0.002
6,10,0.5,2,0.3,1,nat10,7.0,6.82,0.0,0.0,1.0
6,10,0.5,2,0.3,1,encounter,6.0,6.24,0.0,0.0,1.0
6,10,0.5,2,0.3,2,nat10,4.0,4.38,0.869,0.0,0.132
6,10,0.5,2,0.3,2,encounter,3.0,3.55,0.99,0.0,0.01
6,10,0.5,2,0.5,0,nat10,4,3.91,0.89,0.001,0.109
6,10,0.5,2,0.5,0,encounter,3.0,2.66,0.976,0.022,0.002
6,10,0.5,2,0.5,1,nat10,7.0,6.94,0.0,0.0,1.0
6,10,0.5,2,0.5,1,encounter,6.0,6.27,0.0,0.0,1.0
6,10,0.5,2,0.5,2,nat10,4,4.53,0.824,0.0,0.176
6,10,0.5,2,0.5,2,encounter,4.0,3.59,0.988,0.0,0.012
6,10,0.5,3,0.15,0,nat10,4.0,3.94,0.879,0.001,0.12
6,10,0.5,3,0.15,0,encounter,3.0,2.74,0.975,0.021,0.004
6,10,0.5,3,0.15,1,nat10,7.0,6.88,0.0,0.0,1.0
6,10,0.5,3,0.15,1,encounter,6.0,6.26,0.0,0.0,1.0
6,10,0.5,3,0.15,2,nat10,4.0,4.55,0.811,0.0,0.189
6,10,0.5,3,0.15,2,encounter,3.0,3.59,0.988,0.0,0.013
6,10,0.5,3,0.3,0,nat10,4,4.03,0.861,0.001,0.139
6,10,0.5,3,0.3,0,encounter,3.0,2.76,0.974,0.021,0.005
6,10,0.5,3,0.3,1,nat10,7,6.93,0.0,0.0,1.0
6,10,0.5,3,0.3,1,encounter,6.0,6.28,0.0,0.0,1.0
6,10,0.5,3,0.3,2,nat10,4,4.62,0.79,0.0,0.21
6,10,0.5,3,0.3,2,encounter,4.0,3.62,0.987,0.0,0.013
6,10,0.5,3,0.5,0,nat10,4,4.14,0.844,0.001,0.156
6,10,0.5,3,0.5,0,encounter,3.0,2.79,0.973,0.021,0.005
6,10,0.5,3,0.5,1,nat10,7.0,7.0,0.0,0.0,1.0
6,10,0.5,3,0.5,1,encounter,6.0,6.3,0.0,0.0,1.0
6,10,0.5,3,0.5,2,nat10,5.0,4.72,0.768,0.0,0.232
6,10,0.5,3,0.5,2,encounter,4.0,3.65,0.985,0.0,0.015
6,10,1.0,1,0.15,0,nat10,2.0,2.51,0.99,0.01,0.0
6,10,1.0,1,0.15,0,encounter,2.0,2.01,0.895,0.105,0.0
6,10,1.0,1,0.15,1,nat10,6.0,6,0.0,0.0,1.0
6,10,1.0,1,0.15,1,encounter,6.0,6,0.0,0.0,1.0
6,10,1.0,1,0.15,2,nat10,3.0,3.14,1.0,0.0,0.0
6,10,1.0,1,0.15,2,encounter,3.0,3.04,1.0,0.0,0.0
6,10,1.0,1,0.3,0,nat10,3.0,2.63,0.993,0.007,0.0
6,10,1.0,1,0.3,0,encounter,2.0,2.07,0.907,0.092,0.0
6,10,1.0,1,0.3,1,nat10,6.0,6,0.0,0.0,1.0
6,10,1.0,1,0.3,1,encounter,6.0,6,0.0,0.0,1.0
6,10,1.0,1,0.3,2,nat10,3.0,3.29,1.0,0.0,0.0
6,10,1.0,1,0.3,2,encounter,3.0,3.08,1.0,0.0,0.0
6,10,1.0,1,0.5,0,nat10,3.0,2.82,0.995,0.005,0.0
6,10,1.0,1,0.5,0,encounter,2.0,2.17,0.924,0.075,0.0
6,10,1.0,1,0.5,1,nat10,6.0,6,0.0,0.0,1.0
6,10,1.0,1,0.5,1,encounter,6.0,6,0.0,0.0,1.0
6,10,1.0,1,0.5,2,nat10,3.0,3.47,1.0,0.0,0.0
6,10,1.0,1,0.5,2,encounter,3.0,3.15,1.0,0.0,0.0
6,10,1.0,2,0.15,0,nat10,3.0,2.93,0.998,0.002,0.0
6,10,1.0,2,0.15,0,encounter,2.0,2.2,0.965,0.035,0.0
6,10,1.0,2,0.15,1,nat10,6.0,6,0.0,0.0,1.0
6,10,1.0,2,0.15,1,encounter,6.0,6,0.0,0.0,1.0
6,10,1.0,2,0.15,2,nat10,4.0,3.61,1.0,0.0,0.0
6,10,1.0,2,0.15,2,encounter,3.0,3.22,1.0,0.0,0.0
6,10,1.0,2,0.3,0,nat10,3.0,3,0.998,0.002,0.0
6,10,1.0,2,0.3,0,encounter,2.0,2.24,0.965,0.035,0.0
6,10,1.0,2,0.3,1,nat10,6.0,6,0.0,0.0,1.0
6,10,1.0,2,0.3,1,encounter,6.0,6,0.0,0.0,1.0
6,10,1.0,2,0.3,2,nat10,4.0,3.65,1.0,0.0,0.0
6,10,1.0,2,0.3,2,encounter,3.0,3.24,1.0,0.0,0.0
6,10,1.0,2,0.5,0,nat10,3.0,3.09,0.998,0.002,0.001
6,10,1.0,2,0.5,0,encounter,2.0,2.29,0.965,0.035,0.0
6,10,1.0,2,0.5,1,nat10,6.0,6,0.0,0.0,1.0
6,10,1.0,2,0.5,1,encounter,6.0,6,0.0,0.0,1.0
6,10,1.0,2,0.5,2,nat10,4.0,3.7,1.0,0.0,0.001
6,10,1.0,2,0.5,2,encounter,3.0,3.25,1.0,0.0,0.0
6,10,1.0,3,0.15,0,nat10,3.0,3.12,0.999,0.002,0.0
6,10,1.0,3,0.15,0,encounter,2.0,2.4,0.967,0.034,0.0
6,10,1.0,3,0.15,1,nat10,6.0,6,0.0,0.0,1.0
6,10,1.0,3,0.15,1,encounter,6.0,6,0.0,0.0,1.0
6,10,1.0,3,0.15,2,nat10,4.0,3.66,1.0,0.0,0.0
6,10,1.0,3,0.15,2,encounter,3.0,3.22,1.0,0.0,0.0
6,10,1.0,3,0.3,0,nat10,3.0,3.17,0.998,0.002,0.001
6,10,1.0,3,0.3,0,encounter,2.0,2.4,0.967,0.034,0.0
6,10,1.0,3,0.3,1,nat10,6.0,6,0.0,0.0,1.0
6,10,1.0,3,0.3,1,encounter,6.0,6,0.0,0.0,1.0
6,10,1.0,3,0.3,2,nat10,4.0,3.7,1.0,0.0,0.001
6,10,1.0,3,0.3,2,encounter,3.0,3.24,1.0,0.0,0.0
6,10,1.0,3,0.5,0,nat10,3.0,3.23,0.997,0.002,0.002
6,10,1.0,3,0.5,0,encounter,2.0,2.41,0.967,0.034,0.0
6,10,1.0,3,0.5,1,nat10,6.0,6,0.0,0.0,1.0
6,10,1.0,3,0.5,1,encounter,6.0,6,0.0,0.0,1.0
6,10,1.0,3,0.5,2,nat10,4.0,3.75,0.999,0.0,0.002
6,10,1.0,3,0.5,2,encounter,3.0,3.26,1.0,0.0,0.0
