config,crow,scen,n,death,dmg,eff,wounds,turns_mean,turns_med
XA,start,ape,10000,0.0,5.7987,0.0677,0.0016,2.4402,2.0
XA,start,bear,10000,0.1181,20.302,7.4852,2.595,4.6738,4.0
XA,start,wolves1d6,10000,0.6438,28.7782,16.4688,9.7322,3.7515,3.0
XA,start,undeadA1d6,10000,0.5337,25.8098,13.832,7.7342,5.1778,5.0
XA,start,undeadC,10000,0.6086,29.4156,15.906,8.4086,6.025,6.0
XA,start,bearcave,10000,0.6641,34.9718,21.0164,12.3687,6.0702,6.0
XA,start,S1_chapel,10000,0.9741,35.6959,21.6959,12.7018,5.6539,5.0
XA,start,S5_swarm2d6,10000,0.924,37.6988,23.7646,15.0376,3.8662,3.0
XA,t5000,ape,10000,0.0,3.0554,0,0,1.2984,1.0
XA,t5000,bear,10000,0.0,10.7914,0.014,0,2.4815,2.0
XA,t5000,wolves1d6,10000,0.2826,29.123,11.548,4.2071,3.9528,4.0
XA,t5000,undeadA1d6,10000,0.1186,21.9378,6.4117,1.6622,4.8443,4.0
XA,t5000,undeadC,10000,0.0051,17.1702,3.6451,0.1004,3.7477,4.0
XA,t5000,bearcave,10000,0.0016,21.6244,1.7249,0.0504,3.7389,4.0
XA,t5000,S1_chapel,10000,0.0417,30.4046,7.2398,0.9214,5.6032,5.0
XA,t5000,S5_swarm2d6,10000,0.6568,46.4602,22.9756,9.6016,5.5222,5.0
XA+KC,start,ape,10000,0.0,4.2696,0.0341,0.0001,1.8023,2.0
XA+KC,start,bear,10000,0.0516,14.5986,4.1506,1.2582,3.3769,3.0
XA+KC,start,wolves1d6,10000,0.5764,26.8948,15.1488,8.8807,3.3666,3.0
XA+KC,start,undeadA1d6,10000,0.4186,22.683,11.5044,6.1725,4.6014,5.0
XA+KC,start,undeadC,10000,0.3648,22.5794,10.9404,5.3134,4.7321,5.0
XA+KC,start,bearcave,10000,0.3722,28.2902,14.9496,7.797,4.9313,5.0
XA+KC,start,S1_chapel,10000,0.7545,32.9939,19.0571,10.4711,5.498,5.0
XA+KC,start,S5_swarm2d6,10000,0.8704,36.3066,22.524,14.0474,3.8192,3.0
XA+KC,t5000,ape,10000,0.0,2.8044,0,0,1.1932,1.0
XA+KC,t5000,bear,10000,0.0,9.504,0.0162,0,2.1854,2.0
XA+KC,t5000,wolves1d6,10000,0.2463,27.4649,10.4331,3.6642,3.6852,4.0
XA+KC,t5000,undeadA1d6,10000,0.0635,19.7936,4.8308,0.9808,4.3518,4.0
XA+KC,t5000,undeadC,10000,0.0021,13.9284,2.8679,0.0538,3.0932,3.0
XA+KC,t5000,bearcave,10000,0.0012,18.3196,1.3,0.0312,3.171,3.0
XA+KC,t5000,S1_chapel,10000,0.0158,26.2964,4.574,0.4064,4.7449,5.0
XA+KC,t5000,S5_swarm2d6,10000,0.6007,44.767,21.6147,8.8358,5.3103,5.0
XB,start,ape,10000,0.0,3.3009,0.0334,0.0007,2.4317,2.0
XB,start,bear,10000,0.0578,13.605,4.0306,1.2999,4.7093,4.0
XB,start,wolves1d6,10000,0.5379,25.3474,14.0507,8.1655,5.0039,5.0
XB,start,undeadA1d6,10000,0.4013,21.6824,10.94,5.8611,6.5341,6.0
XB,start,undeadC,10000,0.3776,23.0656,11.3774,5.5267,6.5685,6.0
XB,start,bearcave,10000,0.3529,26.9252,13.8896,7.1492,6.6345,7.0
XB,start,S1_chapel,10000,0.6963,31.9776,18.1453,9.8273,8.0055,8.0
XB,start,S5_swarm2d6,10000,0.863,35.9136,22.2022,13.8181,5.6833,5.0
XB,t5000,ape,10000,0.0,0.805,0,0,1.2909,1.0
XB,t5000,bear,10000,0.0,2.9558,0.0016,0,2.4838,2.0
XB,t5000,wolves1d6,10000,0.0687,12.9016,3.54,1.0496,4.9451,5.0
XB,t5000,undeadA1d6,10000,0.0212,9.1926,1.6168,0.3252,5.199,4.0
XB,t5000,undeadC,10000,0.0011,5.5192,1.3842,0.02,3.7406,4.0
XB,t5000,bearcave,10000,0.0006,6.5518,0.1912,0.012,3.7227,4.0
XB,t5000,S1_chapel,10000,0.0052,11.9118,1.2722,0.1241,5.6157,5.0
XB,t5000,S5_swarm2d6,10000,0.324,30.7958,12.7043,4.6866,8.9711,9.0
XB+KC,start,ape,10000,0.0,2.5745,0.0122,0.0001,2.0551,2.0
XB+KC,start,bear,10000,0.0267,10.4264,2.384,0.6773,3.7414,3.0
XB+KC,start,wolves1d6,10000,0.4938,24.0753,13.1873,7.5813,4.5989,4.0
XB+KC,start,undeadA1d6,10000,0.3144,19.3882,9.2366,4.734,5.8708,6.0
XB+KC,start,undeadC,10000,0.232,17.8736,8.0538,3.6153,5.3803,5.0
XB+KC,start,bearcave,10000,0.2128,22.0916,10.0758,4.7165,5.5719,6.0
XB+KC,start,S1_chapel,10000,0.4531,27.7349,14.2573,6.9882,7.1496,7.0
XB+KC,start,S5_swarm2d6,10000,0.8018,34.5476,20.9614,12.8407,5.5787,5.0
XB+KC,t5000,ape,10000,0.0,0.741,0,0,1.187,1.0
XB+KC,t5000,bear,10000,0.0,2.7368,0.0023,0,2.2912,2.0
XB+KC,t5000,wolves1d6,10000,0.0507,11.557,2.9128,0.8275,4.4512,4.0
XB+KC,t5000,undeadA1d6,10000,0.0087,7.6046,0.9209,0.1422,4.512,4.0
XB+KC,t5000,undeadC,10000,0.0002,4.6904,1.1859,0.0078,3.3988,3.0
XB+KC,t5000,bearcave,10000,0.0002,5.7898,0.1223,0.0048,3.4526,3.0
XB+KC,t5000,S1_chapel,10000,0.0023,9.7156,0.725,0.0542,4.8963,5.0
XB+KC,t5000,S5_swarm2d6,10000,0.2521,27.7074,10.5936,3.6986,8.234,8.0
